,target,x1,x2,x3,x4,x5,x6,x7,x8,x9
0,64.66,91.28,187.55,6862.7,14638.0,2197.86,2264.8,169.6725,2443.2,65.97
1,67.93,90.28,185.43,6809.1,14510.0,2190.26,2299.0,169.144,2340.5,64.69
2,66.95,90.02,184.83,6809.75,13862.5,2201.81,2319.88,169.5475,2306.13,64.05
3,66.43,89.62,183.95,6793.1,13814.0,2178.33,2283.2,169.28,2310.8,64.21
4,66.5,89.26,183.14,6910.6,14069.0,2200.04,2275.0,170.44799999999998,2331.6,66.68
5,65.97,89.67,183.9,6882.5,14711.0,2266.0,2465.6,170.18,2354.9,70.66
6,64.69,88.89,182.25,6834.3,13654.0,2146.02,2216.6,169.62400000000002,2369.6,74.45
7,64.05,86.92,178.15,6712.75,13198.75,2150.72,1979.5,168.81,2386.75,78.99
8,64.21,87.19,178.64,6607.0,13011.25,2160.03,2015.75,170.752,2394.38,78.51
9,66.68,87.04,178.28,6731.0,13337.0,2161.9,2061.6,169.21200000000002,2364.0,77.61
10,70.66,87.58,179.32,6912.7,13781.0,2181.62,2080.9,168.63,2403.1,76.52
11,74.45,88.26,180.65,6865.9,13376.0,2191.13,2108.9,169.69400000000002,2402.3,73.5
12,78.99,88.42,180.94,6965.4,13711.0,2215.06,2161.3,170.3425,2524.0,75.47
13,78.51,88.41,180.85,7045.7,13643.0,2246.62,2219.8,169.97799999999998,2559.0,75.69
14,77.61,87.51,178.95,6982.7,13598.0,2263.85,2148.9,171.5567,2572.0,78.33
15,76.52,87.3,178.46,6941.8,13279.0,2218.07,2177.9,172.53599999999997,2580.2,75.76
16,73.5,89.94,183.82,7060.9,13687.0,2271.17,2230.2,168.96400000000003,2648.1,73.48
17,75.47,89.94,183.76,7014.5,13183.0,2275.51,2228.0,167.13,2610.8,74.02
18,75.69,88.62,181.03,7075.2,12543.0,2245.17,2213.5,165.21200000000002,2573.7,70.47
19,78.33,88.22,180.09,7102.1,12674.0,2230.47,2174.8,164.0275,2575.6,69.77
20,75.76,88.38,180.42,7149.0,12567.5,2239.74,2233.13,163.8225,2571.75,68.24
21,73.48,87.43,178.44,7171.0,12065.0,2212.8,2229.0,164.1767,2500.17,65.35
22,74.02,85.03,173.49,6922.0,11837.0,2150.9,2089.2,164.6,2530.4,62.28
23,70.47,83.8,170.94,6661.0,11065.0,2089.74,2009.1,164.79,2502.4,62.64
24,69.77,84.54,172.4,6612.0,11004.0,2087.38,2023.8,164.59599999999998,2499.6,59.26
25,68.24,86.45,176.26,6788.7,11330.0,2142.54,2070.2,164.532,2461.4,61.64
26,65.35,86.68,176.67,6863.1,11697.0,2160.47,2081.7,165.14,2453.4,62.25
27,62.28,86.36,175.98,6759.7,11831.0,2151.31,2090.0,167.872,2446.4,61.19
28,62.64,87.61,178.5,6830.3,12543.0,2166.32,2110.9,168.03799999999998,2504.6,61.97
29,59.26,86.49,176.17,6862.5,12247.0,2168.45,2157.6,169.032,2445.6,63.42
30,61.64,85.87,174.86,6959.9,11754.0,2165.48,2144.2,170.27200000000002,2476.9,67.98
31,62.25,85.49,174.06,7001.8,11788.0,2171.53,2129.8,171.5075,2509.6,74.71
32,61.19,84.94,172.9,6720.8,11092.0,2173.8,2129.9,172.46,2531.9,76.61
33,61.97,83.98,170.92,6501.0,10526.0,2136.99,2113.3,172.03799999999998,2542.3,77.13
34,63.42,84.81,172.56,6431.0,10427.0,2125.9,2114.8,172.03799999999998,2489.4,78.59
35,67.98,85.03,172.98,6462.3,10971.0,2143.6,2125.8,172.114,2428.5,74.94
36,74.71,84.99,172.86,6548.2,11368.0,2159.52,2079.9,173.102,2270.1,75.88
37,76.61,85.38,173.62,6852.7,12014.0,2193.58,2078.8,172.454,2322.8,73.32
38,77.13,83.93,170.63,6780.0,11728.75,2173.07,2096.38,169.87400000000002,2368.5,69.34
39,78.59,83.22,169.16,6588.9,11473.0,2139.52,2094.6,170.13400000000001,2354.2,68.22
40,74.94,82.82,168.33,6415.8,10576.0,2112.12,2072.2,170.535,2385.6,65.03
41,75.88,83.86,170.4,6386.4,10532.0,2087.06,1996.7,168.486,2350.4,63.11
42,73.32,83.69,170.02,6313.5,10237.0,2049.18,1895.3,166.638,2323.4,62.92
43,69.34,83.63,169.86,6199.2,9929.0,2030.0,1902.7,165.532,2269.7,56.57
44,68.22,83.23,169.0,5958.7,9599.0,1995.25,1898.8,166.726,2233.9,54.73
45,65.03,82.53,167.55,5843.5,9128.0,1969.36,1897.0,168.87599999999998,2285.5,55.63
46,63.11,82.41,167.28,5839.3,9120.0,1971.31,1915.9,169.07,2267.4,57.56
47,62.92,81.01,164.4,5839.0,9156.0,1989.73,1881.7,166.81799999999998,2263.1,60.77
48,56.57,79.9,162.11,5704.1,8969.0,1958.73,1871.2,166.562,2143.9,61.69
49,54.73,81.26,164.84,5677.6,8842.0,1953.58,1875.3,165.74,2066.0,60.67
50,55.63,82.21,166.73,5617.8,8819.0,1976.41,1903.6,165.5925,2073.1,66.08
51,57.56,82.71,167.72,5604.88,8845.0,1985.84,1927.38,164.662,2083.0,66.89
52,60.77,84.43,171.17,5667.2,9174.0,1987.91,1943.4,163.05,2082.2,65.53
53,61.69,83.84,169.95,5566.2,9135.0,1960.32,1917.1,163.028,2091.5,71.45
54,60.67,82.73,167.68,5514.9,9230.0,1932.09,1878.0,163.935,2175.6,79.34
55,66.08,83.34,168.87,5614.13,9177.5,1964.19,1910.38,164.125,2210.5,81.6
56,66.89,83.85,169.89,5663.4,9287.0,2001.71,1942.6,164.218,2207.2,87.1
57,65.53,84.88,171.94,5608.38,9443.75,2008.33,1919.13,165.558,2158.88,90.46
58,71.45,86.02,174.23,5704.25,9888.75,2022.42,1908.38,165.206,2257.0,88.05
59,79.34,85.45,173.04,5798.1,10054.0,2042.15,1946.8,162.974,2292.8,91.71
60,81.6,85.07,172.25,5800.8,9835.0,2051.4,1933.4,162.42600000000002,2314.2,92.67
61,87.1,84.76,171.6,5788.3,9990.0,2034.89,1913.3,163.308,2318.5,91.08
62,90.46,84.56,171.17,5838.2,10182.0,1999.69,1878.4,166.34799999999998,2247.8,83.58
63,88.05,85.52,173.08,5762.9,10493.0,1988.91,1867.7,166.96400000000003,2233.6,83.05
64,91.71,87.47,177.01,5961.4,10914.0,2053.54,1915.0,165.335,2267.3,82.6
65,92.67,87.57,177.19,5976.8,10818.0,2047.44,1877.7,166.794,2270.0,81.73
66,91.08,88.57,179.21,6045.2,10797.0,2054.12,1875.0,167.016,2347.4,79.82
67,83.58,88.4,178.84,5837.6,10400.0,2032.14,1826.0,167.53400000000002,2367.8,77.59
68,83.05,87.9,177.81,5889.6,9986.0,2007.49,1813.4,169.2875,2330.9,79.85
69,82.6,88.39,178.78,5851.6,9623.0,1994.23,1850.8,171.025,2374.9,78.86
70,81.73,88.47,178.92,5753.1,10071.0,1987.4,1817.8,171.878,2302.2,81.83
71,79.82,87.49,176.92,5690.5,10244.0,1961.61,1760.3,173.78,2155.9,80.81
72,77.59,87.04,175.99,5558.0,10148.75,1904.18,1708.63,173.296,2032.63,77.27
73,79.85,87.63,177.18,5500.33,10061.67,1870.04,1717.67,173.158,2015.17,75.53
74,78.86,86.35,174.56,5490.6,10774.0,1883.29,1729.5,171.52200000000002,2143.0,73.84
75,81.83,87.54,176.95,5717.8,11285.0,1944.22,1745.0,168.882,2321.2,72.13
76,80.81,87.91,177.69,5854.6,11490.0,1963.62,1729.6,169.71,2320.4,65.1
77,77.27,86.06,173.93,5792.5,11256.0,1958.09,1730.0,169.39,2380.6,62.26
78,75.53,85.11,171.98,5674.9,11359.0,1950.85,1751.1,170.49200000000002,2211.6,58.55
79,73.84,82.83,167.36,5479.8,11163.0,1925.68,1723.1,170.43400000000003,2158.2,57.09
80,72.13,83.55,168.8,5386.0,11393.0,1964.41,1741.8,168.262,2119.9,55.86
81,65.1,84.1,169.91,4884.4,10435.0,1931.25,1721.7,168.77,2059.3,56.48
82,62.26,85.97,173.66,4723.8,10206.0,1875.44,1666.7,167.572,2049.7,56.09
83,58.55,86.39,174.52,4650.0,10235.0,1843.12,1632.0,167.69,1992.2,56.0
84,57.09,86.24,174.2,4763.9,10429.0,1861.62,1680.2,166.554,2041.3,58.56
85,55.86,85.52,172.74,4771.8,10139.0,1884.07,1665.1,165.7525,2071.4,59.13
86,56.48,84.94,171.55,4805.0,10563.0,1929.85,1645.6,164.796,1999.5,61.05
87,56.09,84.51,170.67,4765.5,10320.0,1912.58,1588.1,166.828,1941.9,60.96
88,56.0,83.22,168.05,4673.9,9841.0,1875.98,1554.9,165.295,1908.6,60.47
89,58.56,84.12,169.87,4621.8,10179.0,1909.11,1571.6,165.138,1924.1,61.22
90,59.13,83.2,167.98,4609.63,9768.75,1884.27,1601.88,167.304,1902.25,58.73
91,61.05,85.37,172.37,4674.2,10030.0,1895.24,1642.6,168.108,1853.1,56.33
92,60.96,85.96,173.55,4775.2,10293.0,1933.47,1669.0,165.8325,1869.0,58.22
93,60.47,83.87,169.3,4801.1,10711.0,1930.53,1636.4,166.062,1810.2,55.66
94,61.22,83.39,168.33,4843.3,10634.0,1941.7,1629.0,167.7,1807.8,54.28
95,58.73,83.69,168.93,4873.3,10419.0,1916.05,1597.9,169.854,1811.8,51.34
96,56.33,85.41,172.38,4917.4,10526.0,1921.35,1618.3,169.90200000000002,1845.6,51.18
97,58.22,86.87,175.33,4866.6,10284.0,1930.07,1664.5,171.532,1861.8,52.27
98,55.66,86.72,175.02,4780.3,9922.0,1905.19,1635.6,172.666,1824.3,49.42
99,54.28,88.56,178.71,4772.0,9265.0,1847.71,1617.7,175.41,1748.1,50.72
100,51.34,88.27,178.13,4653.9,9140.0,1797.52,1616.7,175.99599999999998,1705.0,55.05
101,51.18,88.45,178.49,4540.7,8907.0,1783.47,1599.0,177.514,1695.1,55.08
102,52.27,89.03,179.64,4587.1,8783.0,1763.98,1572.1,177.255,1731.0,60.51
103,49.42,86.28,174.07,4647.25,8416.25,1724.17,1548.5,180.51,1704.13,63.82
104,50.72,84.92,171.31,4655.2,8348.0,1718.07,1544.6,180.69,1661.0,64.95
105,55.05,85.16,171.8,4620.3,8574.0,1754.14,1536.4,179.87,1702.8,58.8
106,55.08,83.81,169.07,4720.3,8701.0,1768.3,1546.6,178.512,1749.2,54.57
107,60.51,83.55,168.54,4872.0,9301.25,1819.05,1610.13,175.6,1758.0,54.72
108,63.82,84.28,170.0,4965.1,9190.0,1815.78,1647.5,176.28,1756.4,57.86
109,64.95,82.83,167.07,4917.9,9159.0,1790.99,1594.7,176.09400000000002,1756.1,55.12
110,58.8,80.49,162.34,4768.5,8779.0,1739.26,1527.3,177.58,1708.4,60.08
111,54.57,77.66,156.62,4747.2,8377.0,1693.45,1495.8,177.93200000000002,1695.6,51.7
112,54.72,78.9,159.0,4903.75,8415.0,1707.66,1491.63,178.28599999999997,1726.5,50.56
113,57.86,80.2,161.72,5035.25,8617.5,1733.92,1479.13,179.202,1791.63,47.01
114,55.12,79.98,161.27,4998.2,8640.0,1735.72,1507.4,182.922,1807.7,45.73
115,60.08,79.3,159.89,4955.5,8941.0,1750.78,1573.5,185.386,1865.1,44.55
116,51.7,76.75,154.74,4791.8,8710.0,1724.17,1600.0,188.2775,1805.8,41.74
117,50.56,75.62,152.47,4656.2,8560.0,1687.13,1577.8,188.91,1717.4,42.11
118,47.01,75.41,152.02,4574.9,8255.0,1676.33,1527.2,186.53400000000002,1773.8,40.67
119,45.73,74.56,150.31,4514.5,7925.0,1671.32,1496.0,182.255,1820.6,43.03
120,44.55,75.76,152.71,4614.4,8476.0,1630.52,1524.3,182.41400000000002,1773.3,42.65
121,41.74,75.89,152.96,4511.5,8574.0,1593.43,1505.0,181.796,1660.8,40.77
122,42.11,73.8,148.74,4398.3,8595.0,1554.39,1481.9,183.484,1627.7,39.43
123,40.67,74.45,150.04,4362.7,8296.0,1539.02,1465.4,182.09,1610.2,38.72
124,43.03,77.12,155.43,4578.5,8467.0,1574.76,1465.4,178.81799999999998,1689.1,41.42
125,42.65,78.43,158.04,4700.67,8611.67,1597.81,1516.5,178.17,1784.33,44.24
126,40.77,77.99,157.16,4677.25,8662.5,1598.06,1527.0,179.885,1730.25,46.0
127,39.43,77.33,155.83,4601.8,8630.0,1568.42,1484.4,180.472,1681.4,48.19
128,38.72,79.1,159.38,4603.8,8686.0,1576.87,1486.6,180.65400000000002,1693.3,48.94
129,41.42,81.24,163.68,4593.1,8841.0,1572.86,1461.9,179.95,1641.9,50.39
130,44.24,81.86,164.92,4577.3,8624.0,1558.9,1447.1,179.27,1598.9,52.56
131,46.0,81.79,164.77,4686.8,9062.0,1571.66,1459.1,182.274,1587.6,54.84
132,48.19,83.44,168.1,4910.4,9456.0,1614.78,1489.3,180.24599999999998,1612.9,54.28
133,48.94,86.43,174.11,5101.0,9886.0,1671.26,1471.8,178.894,1661.7,55.68
134,50.39,87.1,175.48,5185.6,10388.0,1713.99,1448.8,177.55200000000002,1718.2,56.45
135,52.56,88.23,177.75,5236.7,10404.0,1735.1,1498.8,177.35,1758.0,57.53
136,54.84,89.96,181.23,5297.5,10489.0,1766.31,1569.3,181.018,1789.2,57.87
137,54.28,90.11,181.52,5207.9,10169.0,1718.93,1563.9,184.3,1666.3,56.5
138,55.68,87.57,176.41,5065.4,10021.0,1671.23,1554.3,186.8133,1642.7,54.07
139,56.45,87.96,177.19,5130.8,9746.0,1688.09,1577.9,183.90200000000002,1673.7,56.39
140,57.53,88.67,178.63,5338.2,9903.0,1707.56,1605.8,184.106,1682.8,56.57
141,57.87,88.83,178.94,5314.8,10048.0,1715.04,1606.3,185.56799999999998,1693.4,56.03
142,56.5,89.3,179.89,5147.75,9873.75,1704.57,1588.88,183.17,1706.0,54.15
143,54.07,86.87,175.0,5000.6,9603.0,1675.61,1520.6,183.722,1655.2,51.88
144,56.39,88.93,179.15,5042.9,10339.0,1709.04,1529.0,183.47400000000002,1697.5,50.39
145,56.57,91.08,183.46,5139.4,10623.0,1721.14,1545.3,185.4625,1719.2,49.11
146,56.03,90.68,182.66,5172.8,10804.0,1701.92,1564.1,187.99400000000003,1699.7,58.15
147,54.15,92.5,186.32,5238.5,11013.0,1726.77,1606.2,187.21200000000002,1698.0,61.62
148,51.88,95.11,191.58,5363.1,11441.0,1741.01,1615.3,185.79,1761.3,62.36
149,50.39,98.62,198.65,5540.0,11484.0,1799.52,1662.8,183.09599999999998,1826.9,64.95
150,49.11,98.58,198.58,5504.6,11234.0,1789.47,1642.1,181.69799999999998,1765.6,63.89
151,58.15,101.75,204.95,5753.2,11882.0,1829.11,1666.5,180.454,1754.1,62.25
152,61.62,100.65,202.74,5716.5,12623.0,1843.3,1672.1,178.14,1773.0,58.83
153,62.36,100.35,202.13,5737.1,12764.0,1856.94,1665.6,179.49400000000003,1795.4,62.42
154,64.95,101.51,204.48,5948.8,13346.0,1890.03,1709.7,179.71599999999998,1898.8,59.78
155,63.89,100.88,203.2,5967.9,12819.0,1905.3,1702.1,178.93599999999998,1913.6,58.07
156,62.25,100.88,203.19,6106.25,12700.0,1924.21,1708.75,177.4375,1945.13,53.86
157,58.83,103.42,208.31,6259.7,13126.0,1967.92,1751.3,175.84799999999998,1942.0,50.13
158,62.42,104.77,211.04,6396.4,13986.0,2003.75,1845.2,176.106,2007.8,47.81
159,59.78,104.04,209.56,6411.0,14140.0,2005.9,1890.13,173.86,2101.13,50.16
160,58.07,102.81,207.08,6172.3,13529.0,1986.59,1882.9,172.9625,2105.1,55.0
161,53.86,101.15,203.74,5972.9,12634.0,1926.23,1827.6,174.826,2034.8,56.2
162,50.13,100.86,203.15,5996.7,12583.0,1936.57,1813.3,176.25400000000002,2001.3,57.99
163,47.81,99.96,201.35,6050.25,12606.25,1938.03,1776.63,175.952,1936.0,61.25
164,50.16,99.34,200.09,6045.38,12691.25,1925.82,1775.38,177.888,1827.25,63.06
165,55.0,100.17,201.76,6146.4,13756.0,1943.9,1778.6,178.83,1831.9,63.91
166,56.2,98.0,197.39,5813.1,13705.0,1665.63,1769.6,180.236,1730.1,62.24
167,57.99,99.09,199.57,5819.0,14028.0,1875.69,1750.0,178.0,1807.8,62.47
168,61.25,101.7,204.84,5863.1,13891.0,1913.6,1788.1,174.926,1759.3,63.12
169,63.06,102.41,206.26,5798.6,14184.0,1921.68,1788.2,176.046,1753.6,67.45
170,63.91,103.52,208.51,5698.9,14129.0,1919.72,1802.1,175.635,1789.7,68.92
171,62.24,102.96,207.37,5665.7,14794.0,1956.47,1831.8,175.42,1830.4,71.17
172,62.47,102.42,206.28,5645.1,15031.0,1987.2,1861.0,174.80200000000002,1845.0,70.6
173,63.12,100.38,202.19,5485.6,14694.0,1988.45,1834.9,173.282,1842.6,67.26
174,67.45,101.69,204.82,5677.0,14567.0,2020.89,1836.8,173.908,1855.5,68.66
175,68.92,102.11,205.66,5810.4,14583.0,1967.8,1778.8,174.80200000000002,1782.8,69.27
176,71.17,103.75,208.96,6191.7,15218.0,1970.25,1780.4,177.248,1832.6,70.81
177,70.6,105.1,211.68,6332.5,14945.0,1965.56,1828.88,176.625,1833.5,69.96
178,67.26,106.82,215.14,6383.5,15428.33,1964.76,1854.67,176.9675,1858.0,71.67
179,68.66,108.81,219.16,6410.4,15815.0,1991.47,1886.3,177.042,1898.2,75.86
180,69.27,111.0,223.56,6468.1,16344.0,2052.5,1941.7,179.50799999999998,1997.5,76.86
181,70.81,112.77,227.13,6463.6,16462.0,2046.5,1996.0,180.59599999999998,2023.3,79.45
182,69.96,116.34,234.3,6642.6,16327.0,2054.12,2082.7,180.38,2049.0,81.05
183,71.67,117.48,236.6,6725.8,15945.0,2052.14,2036.9,180.01,2028.5,82.34
184,75.86,116.85,235.33,6725.3,15307.0,2032.43,2041.3,178.25400000000002,2025.7,79.93
185,76.86,117.03,235.71,6710.8,15246.0,2031.17,2054.8,175.75799999999998,1991.7,78.82
186,79.45,117.87,237.39,6827.1,15286.0,2073.74,2007.7,172.044,2009.0,79.4
187,81.05,116.91,235.45,6696.7,15143.0,2074.59,1968.3,172.468,2013.2,83.84
188,82.34,117.89,237.42,6724.5,15905.0,2073.64,1905.5,173.606,2024.4,82.94
189,79.93,119.06,239.77,6729.3,16575.0,2077.31,1904.0,173.5175,2082.8,86.06
190,78.82,118.78,239.22,6717.0,16238.0,2068.71,1900.0,170.5975,2073.8,88.54
191,79.4,119.0,239.67,6773.2,17180.0,2099.68,1927.7,169.55599999999998,2066.3,92.17
192,83.84,121.13,243.94,6898.5,17944.0,2143.9,1958.8,168.608,2086.4,94.2
193,82.94,122.66,247.02,6912.0,18891.0,2179.56,2029.9,167.795,2135.8,95.49
194,86.06,125.0,251.74,6959.8,18931.0,2224.34,2080.7,165.29,2221.4,95.95
195,88.54,126.04,253.83,7043.75,18636.25,2240.25,2096.63,165.356,2255.38,94.75
196,92.17,125.26,252.26,6971.5,18621.0,2233.84,2034.8,166.13,2238.0,97.79
197,94.2,126.44,254.63,6940.1,18593.0,2240.19,2016.6,167.46,2227.8,96.34
198,95.49,127.68,257.14,7040.0,18524.0,2251.97,1999.3,167.408,2236.9,95.11
199,95.95,128.28,258.35,7110.3,18610.0,2263.49,1985.0,165.982,2237.1,94.49
200,94.75,129.14,260.06,7089.9,18970.0,2273.4,2008.3,165.636,2210.5,90.82
201,97.79,129.74,261.27,7085.2,19051.0,2259.06,1947.9,165.014,2175.5,92.79
202,96.34,131.57,264.98,7141.9,19235.0,2269.92,1904.1,162.974,2169.7,93.63
203,95.11,134.35,270.54,7060.0,19165.0,2257.41,1866.6,162.88,2142.9,96.84
204,94.49,136.27,274.43,6920.5,18448.0,2229.59,1857.8,163.588,2143.1,98.62
205,90.82,135.41,272.69,6738.6,18543.0,2179.85,1825.6,163.898,2092.3,102.65
206,92.79,133.8,269.43,6689.8,18309.0,2151.48,1838.8,163.55,2088.3,105.43
207,93.63,133.57,268.98,6845.7,18966.0,2143.48,1812.2,163.5733,2084.4,107.43
208,96.84,134.77,270.93,7005.13,19306.25,2152.51,1796.75,163.762,2099.13,112.69
209,98.62,135.65,273.17,6941.8,19632.0,2166.75,1737.6,164.38400000000001,2111.1,117.36
210,102.65,136.0,273.86,6938.0,20121.0,2168.44,1744.1,164.308,2108.3,118.44
211,105.43,136.53,274.93,6722.13,19133.75,2141.54,1728.38,164.81,2079.5,116.53
212,107.43,137.45,276.78,6729.1,18250.0,2143.98,1764.5,165.4375,2087.9,111.99
213,112.69,137.63,277.13,6697.5,18311.25,2164.79,1836.63,166.516,2141.25,109.88
214,117.36,137.32,276.34,6626.5,17720.0,2166.1,1830.0,167.028,2099.13,107.83
215,118.44,136.1,274.07,6643.3,16765.0,2159.6,1812.8,168.99200000000002,2065.0,115.7
216,116.53,134.13,270.08,6652.8,16061.0,2131.29,1768.7,171.08,2033.0,118.11
217,111.99,133.91,269.64,6574.5,15952.0,2114.84,1700.5,173.886,2055.0,123.49
218,109.88,133.99,269.81,6488.3,15991.0,2143.17,1679.5,173.396,2041.0,121.56
219,107.83,135.01,271.86,6583.9,15595.0,2160.6,1715.7,173.766,2033.2,122.45
220,115.7,135.97,273.8,7031.0,15086.0,2196.89,1712.9,174.612,2099.3,123.6
221,118.11,133.73,269.27,7117.3,14283.0,2191.12,1716.6,175.27,2107.7,124.85
222,123.49,132.85,268.6,7206.3,14379.0,2197.72,1714.4,175.42,2135.2,130.32
223,121.56,129.37,260.48,7163.5,14225.0,2146.92,1685.3,176.43400000000003,2105.6,132.58
224,122.45,127.87,257.47,7121.5,13891.0,2105.0,1659.1,178.03599999999997,2093.4,134.55
225,123.6,126.39,254.48,7181.0,13999.0,2117.58,1696.6,178.5633,2122.7,132.69
226,124.85,125.77,253.54,7304.8,14567.0,2164.63,1743.1,176.138,2169.3,133.3
227,130.32,124.91,251.49,7336.5,14320.0,2174.29,1734.8,175.42,2165.1,138.65
228,132.58,123.92,249.49,7320.2,13508.0,2142.03,1723.2,175.63400000000001,2122.0,138.33
229,134.55,125.8,253.29,7389.13,13940.0,2158.61,1757.38,173.9875,2206.5,136.73
230,132.69,127.48,256.66,7302.0,14178.33,2150.24,1727.17,174.685,2226.0,136.72
231,133.3,126.55,254.78,7264.9,14060.0,2138.9,1743.0,173.518,2147.9,136.72
232,138.65,126.4,254.49,7184.9,13936.0,2139.78,1758.1,173.514,2106.5,136.41
233,138.33,124.75,251.16,7024.5,13558.0,2098.02,1710.6,173.982,2052.8,132.52
234,136.73,123.81,249.39,7041.0,13407.0,2109.06,1720.4,174.15599999999998,2060.1,133.42
235,136.72,122.79,247.2,6996.8,13529.0,2125.27,1738.6,174.02599999999998,2070.5,134.43
236,136.72,123.18,247.99,7037.4,13672.0,2150.6,1748.0,175.418,2084.7,132.35
237,136.41,122.99,247.59,7152.6,14138.0,2189.97,1776.2,174.2,2129.3,131.41
238,132.52,125.83,253.31,7228.3,14526.0,2238.26,1836.4,174.262,2181.1,133.88
239,133.42,127.61,256.9,7194.4,14464.0,2234.27,1813.6,174.03,2157.9,132.23
240,134.43,128.24,258.17,7192.7,13957.0,2197.77,1803.7,174.986,2121.0,136.37
241,132.35,128.0,257.67,7156.2,13777.0,2191.0,1819.4,175.305,2054.4,138.38
242,131.41,126.96,255.57,7205.8,13685.0,2184.51,1787.5,175.6175,2047.5,140.89
243,133.88,127.54,256.75,7189.9,13780.0,2191.91,1762.2,176.028,2054.9,139.22
244,132.23,128.82,259.34,7158.7,13921.0,2188.86,1752.3,177.095,2056.6,141.96
245,136.37,129.66,261.01,7119.7,13699.0,2202.57,1755.4,177.748,2105.1,133.65
246,138.38,130.58,262.95,7151.6,13702.0,2230.71,1763.2,179.84400000000002,2139.7,130.81
247,140.89,131.63,264.97,7210.5,14097.5,2276.31,1807.0,182.16,2198.88,132.83
248,139.22,129.59,260.86,7285.6,14490.0,2283.52,1853.3,182.736,2222.4,130.53
249,141.96,128.29,258.24,7272.6,14716.0,2263.73,1845.2,182.2325,2188.3,124.51
250,133.65,124.72,251.07,7035.3,13984.0,2169.37,1768.6,182.47799999999998,2118.4,121.46
251,130.81,125.91,253.45,6887.1,13646.0,2138.98,1756.0,181.886,2064.0,115.71
252,132.83,128.49,258.64,6970.1,14006.0,2159.97,1789.8,182.16,2049.8,119.04
253,130.53,129.0,259.67,6905.5,13718.0,2129.85,1762.5,182.632,2036.8,112.53
254,124.51,127.91,257.47,6836.5,13436.0,2116.06,1765.8,185.926,2050.0,115.18
255,121.46,125.93,253.48,6912.1,13754.0,2110.69,1766.3,185.774,2061.6,115.75
256,115.71,125.67,252.96,6701.1,13675.0,2079.63,1731.4,187.988,2029.4,124.21
257,119.04,129.79,261.26,6909.7,13929.0,2161.17,1774.7,184.85,2056.7,127.15
258,112.53,130.22,262.11,7068.9,14399.0,2225.9,1840.8,183.73,2115.4,131.63
259,115.18,131.84,265.36,7336.5,15079.0,2302.0,1918.2,183.2625,2213.8,131.83
260,115.75,131.55,264.79,7236.25,14723.75,2263.34,1840.38,184.054,2139.5,136.22
261,124.21,132.35,266.39,7333.1,14912.0,2247.74,1824.8,181.918,2035.4,139.6
262,127.15,131.6,264.89,7213.3,14959.0,2243.27,1819.3,180.665,1975.1,141.0
263,131.63,132.6,266.89,7317.0,15266.25,2284.54,1860.13,177.65400000000002,2016.13,136.93
264,131.83,132.81,267.31,7004.0,15028.0,2254.11,1822.5,179.27,1991.8,137.14
265,136.22,131.24,264.14,6942.3,15177.0,2261.78,1868.7,181.082,2015.0,134.31
266,139.6,130.89,263.45,7068.8,15431.0,2253.56,1853.2,181.55,2007.9,139.86
267,141.0,134.74,271.18,7502.0,16052.0,2383.69,1859.7,182.968,2056.7,147.91
268,136.93,134.71,271.11,7388.13,16137.5,2383.05,1846.5,180.05,2049.38,151.81
269,137.14,138.12,278.3,7596.38,16772.5,2439.06,1884.5,178.96,2128.63,158.21
270,134.31,137.81,277.35,7573.4,16714.0,2453.26,1902.3,179.222,2167.0,155.89
271,139.86,137.81,277.36,7762.7,16955.0,2488.05,1932.4,176.524,2218.8,155.43
272,147.91,136.39,274.48,7714.3,16539.0,2475.28,1927.1,174.56799999999998,2201.2,151.15
273,151.81,136.63,274.94,7786.0,16606.0,2513.63,1964.3,174.405,2281.0,148.21
274,158.21,138.07,277.3,7965.5,17248.0,2558.68,2059.7,173.24599999999998,2353.9,147.21
275,155.89,140.01,281.76,8203.4,18271.0,2659.54,2092.2,174.8525,2402.5,156.52
276,155.43,142.02,285.79,8219.1,18419.0,2676.11,2069.2,174.83599999999998,2426.2,148.67
277,151.15,142.08,285.65,8106.2,17999.0,2648.31,2036.1,174.042,2409.5,139.22
278,148.21,141.34,284.33,8060.0,17361.0,2630.26,2025.4,170.918,2350.5,135.32
279,147.21,140.38,282.47,7973.7,17370.0,2602.75,2016.2,170.04,2281.4,126.48
280,156.52,138.04,277.76,8058.6,17333.0,2590.96,2049.0,170.676,2312.9,119.57
281,148.67,138.85,279.28,8041.63,17343.75,2606.19,2074.5,171.36,2370.13,118.12
282,139.22,139.0,279.69,7840.5,17115.0,2564.76,2040.0,172.3175,2309.33,120.63
283,135.32,139.7,281.1,7909.3,17540.0,2590.0,2077.0,172.1025,2292.3,122.9
284,126.48,140.57,282.85,8066.3,17566.0,2640.08,2124.3,172.726,2279.2,121.97
285,119.57,142.53,286.79,7994.9,17353.0,2602.69,2095.9,173.94799999999998,2221.8,121.01
286,118.12,143.38,288.49,7817.1,16914.0,2579.0,2019.4,174.27,2216.2,119.91
287,120.63,143.14,288.01,7699.7,16424.0,2530.91,1930.6,174.138,2168.9,116.14
288,122.9,140.9,283.48,7609.3,15944.0,2506.57,1938.6,174.66400000000002,2179.9,117.38
289,121.97,141.21,284.09,7613.1,15935.0,2477.42,1891.7,174.562,2170.5,106.46
290,121.01,142.3,286.06,7775.1,16113.0,2463.46,1897.2,175.192,2088.2,106.43
291,119.91,143.92,289.54,7864.4,16344.0,2478.63,1912.4,176.59400000000002,2033.8,109.57
292,116.14,146.36,294.46,8143.0,17036.0,2562.36,1952.3,176.96400000000003,2136.1,100.2
293,117.38,147.52,296.78,8166.3,17695.0,2622.14,2009.4,177.02599999999998,2217.2,89.42
294,106.46,148.43,298.6,8286.3,18633.0,2693.38,2083.6,177.0967,2284.1,93.07
295,106.43,146.84,295.39,8192.8,18138.0,2659.29,2067.8,177.542,2273.0,105.31
296,109.57,147.42,296.56,8264.8,17828.0,2735.09,2125.7,177.048,2251.0,113.34
297,100.2,149.7,301.14,8133.7,16836.0,2624.77,2084.7,178.15,2139.1,117.61
298,89.42,146.3,294.43,7682.2,16060.0,2501.52,1937.3,178.63,2014.0,118.74
299,93.07,145.08,291.83,7579.5,16150.0,2430.78,1868.25,178.65200000000002,1960.0,120.37
300,105.31,145.48,292.61,7556.5,15856.0,2403.0,1836.4,178.282,1910.5,129.43
301,113.34,142.32,286.27,7420.3,15346.0,2318.85,1808.9,177.665,1850.2,135.76
302,117.61,143.72,289.08,7483.7,15454.0,2350.13,1853.3,177.298,1889.2,135.74
303,118.74,143.37,288.36,7462.9,15722.0,2332.19,1837.1,177.704,1894.5,136.73
304,120.37,142.92,287.47,7457.9,15752.0,2325.41,1849.6,179.72799999999998,1863.5,137.46
305,129.43,143.71,289.04,7658.6,16016.0,2364.03,1884.5,179.5,1886.4,135.16
306,135.76,138.93,279.43,7560.3,16117.0,2350.1,1867.2,179.43400000000003,1853.7,133.63
307,135.74,137.53,277.53,7696.3,16811.0,2386.09,1902.1,179.764,1881.4,134.2
308,136.73,131.94,265.36,7413.8,16323.0,2318.39,1821.0,182.00599999999997,1773.9,131.73
309,137.46,129.62,260.68,7456.5,16678.0,2365.87,1861.1,181.856,1862.3,134.89
310,135.16,128.3,258.02,7415.0,16874.0,2404.18,1926.5,183.52599999999998,1894.2,141.94
311,133.63,128.54,258.5,7397.17,16281.67,2395.34,1943.5,185.0275,1902.5,146.32
312,134.2,129.67,259.3,7570.3,16531.0,2393.32,1965.6,185.6175,1916.2,146.77
313,131.73,133.51,268.48,7712.4,16916.0,2420.13,1984.8,184.86599999999999,1934.3,148.41
314,134.89,134.47,270.42,7809.5,16986.0,2434.12,1991.9,182.706,1979.2,148.73
315,141.94,136.05,273.59,8149.63,17148.75,2516.03,2002.13,180.324,2057.38,147.49
316,146.32,139.51,280.54,8414.5,17508.0,2593.11,2057.0,179.24,2126.9,146.85
317,146.77,139.01,279.53,8280.8,17780.0,2581.14,2038.1,180.676,2098.0,144.55
318,148.41,137.92,277.33,8081.1,17755.0,2568.82,2029.4,180.41,2056.2,145.1
319,148.73,140.2,281.91,8180.38,18133.75,2592.36,2050.63,180.275,2052.75,143.31
320,147.49,142.31,286.48,8468.13,18001.25,2627.16,2071.5,179.108,2015.0,142.53
321,146.85,142.51,286.55,8463.5,17755.0,2632.93,2122.8,180.226,1995.3,137.65
322,144.55,144.43,290.41,8440.6,18636.0,2653.73,2176.5,178.15599999999998,2031.7,139.11
323,145.1,145.46,292.47,8502.1,19199.0,2711.45,2193.7,177.47,2103.6,144.04
324,143.31,144.73,291.0,8375.8,18905.0,2692.45,2194.8,177.52599999999998,2081.7,141.92
325,142.53,148.41,298.39,8564.8,19818.0,2791.62,2292.2,178.565,2183.4,139.18
326,137.65,148.49,298.54,8359.8,19919.0,2730.1,2200.0,178.65200000000002,2084.5,140.15
327,139.11,145.18,291.88,8378.4,20205.0,2690.42,2157.9,178.38400000000001,2053.2,141.47
328,144.04,145.84,293.21,8499.2,21327.0,2770.43,2207.2,177.56799999999998,2158.5,139.09
329,141.92,144.71,290.93,8379.0,21015.0,2754.38,2209.5,177.908,2206.0,137.13
330,139.18,145.2,291.92,8408.2,20889.0,2742.68,2208.7,178.0133,2231.0,134.23
331,140.15,141.36,284.21,8188.6,19609.0,2639.73,2166.5,181.56,2077.8,136.12
332,141.47,142.52,286.52,7749.0,19369.0,2534.93,2120.3,183.614,1982.8,139.7
333,139.09,143.38,288.26,7574.75,18601.25,2474.46,2020.38,182.90400000000002,2007.13,134.7
334,137.13,140.87,283.21,7476.0,18200.0,2420.16,1972.33,182.378,1958.5,142.18
335,134.23,139.9,281.26,7411.9,18592.0,2439.63,1965.7,182.894,1949.1,143.68
336,136.12,138.44,278.33,7430.3,18082.0,2452.91,2001.9,181.01,2028.4,131.17
337,139.7,144.48,290.47,7804.2,18125.0,2596.77,2087.2,177.488,2090.4,121.08
338,134.7,145.15,291.82,7585.1,17133.0,2577.81,2043.6,179.766,2030.6,128.45
339,142.18,142.9,287.28,7268.6,17370.0,2504.02,2023.4,180.15400000000002,1978.3,148.98
340,143.68,147.17,296.08,7607.9,17853.0,2598.89,2105.9,177.88,1985.3,162.93
341,131.17,149.23,300.01,7635.0,18332.0,2625.01,2109.5,176.328,1961.7,169.2
342,121.08,148.65,298.85,7849.5,18733.0,2631.77,2127.3,175.642,1994.2,170.57
343,128.45,149.1,299.74,7742.6,19590.0,2636.03,2200.9,178.114,1955.3,175.7
344,148.98,145.47,292.45,7224.2,18621.0,2498.06,2154.1,179.666,1883.8,177.95
345,162.93,146.01,293.54,7355.4,18796.0,2578.91,2184.5,183.65400000000002,1989.2,180.58
346,169.2,140.73,282.92,6957.2,18471.0,2491.54,2146.4,186.505,1959.6,179.68
347,170.57,143.55,288.58,7255.4,18492.0,2523.12,2197.6,184.59400000000002,2022.1,178.4
348,175.7,150.85,303.26,8022.8,20065.0,2745.76,2255.1,178.68400000000003,2225.6,176.97
349,177.95,159.07,319.79,8722.7,21332.0,2918.25,2337.6,171.2267,2414.1,176.94
350,180.58,161.71,325.09,8954.1,21167.0,2985.58,2354.8,167.438,2435.7,177.23
351,179.68,162.94,327.56,9119.13,21801.25,3019.66,2391.25,168.15,2534.5,175.26
352,178.4,159.87,321.39,8900.0,21033.0,2948.89,2326.4,169.30200000000002,2367.8,173.75
353,176.97,158.51,318.66,8807.7,21542.0,2937.75,2342.5,168.06,2352.4,172.6
354,176.94,155.0,311.59,8879.3,21793.0,2886.62,2390.2,168.168,2329.8,169.84
355,177.23,160.24,322.11,9529.7,24029.0,3017.72,2515.9,163.79,2520.3,167.18
356,175.26,164.46,330.6,9721.8,24176.0,3119.27,2598.3,163.304,2672.6,170.37
357,173.75,164.49,330.65,9703.1,23882.0,3079.17,2492.7,163.71200000000002,2713.2,173.53
358,172.6,162.91,327.48,9595.2,23620.0,3011.72,2454.7,164.06799999999998,2678.5,171.48
359,169.84,160.02,321.67,9499.7,23370.0,3004.26,2507.5,164.71,2675.3,170.58
360,167.18,157.18,315.96,9175.6,22713.0,2913.54,2486.6,166.81799999999998,2588.6,172.77
361,170.37,158.02,317.64,9005.1,21819.0,2895.01,2492.3,167.092,2470.0,176.86
362,173.53,161.63,324.9,9033.0,22075.0,2915.49,2549.7,167.34599999999998,2507.6,179.56
363,171.48,165.71,333.09,9022.3,22608.0,2975.11,2633.5,166.81,2530.0,182.16
364,170.58,165.77,333.22,9112.25,22996.25,2969.26,2635.88,166.482,2489.25,179.74
365,172.77,162.98,327.6,8974.6,23016.0,2925.88,2529.3,167.97799999999998,2498.4,179.14
366,176.86,160.84,323.31,8891.7,24134.0,2882.79,2525.2,167.40200000000002,2377.7,181.38
367,179.56,161.31,324.24,8797.5,24541.0,2907.8,2627.5,166.405,2351.2,175.8
368,182.16,167.16,336.0,8999.38,25647.5,3013.91,2696.13,164.975,2434.5,169.97
369,179.74,173.95,349.64,9391.5,26400.0,3130.86,2744.33,165.796,2564.5,165.28
370,179.14,171.89,345.5,9424.25,26072.5,3100.94,2691.25,166.648,2662.25,164.06
371,181.38,170.41,342.53,9564.8,26726.0,3091.81,2635.8,166.57,2810.3,171.73
372,175.8,171.76,345.24,9533.4,26249.0,3088.32,2632.3,166.422,2843.2,178.9
373,169.97,167.86,337.39,9450.0,26143.0,3015.6,2592.4,169.28799999999998,2699.9,185.89
374,165.28,167.4,336.45,9616.7,26779.0,3016.65,2578.0,171.392,2708.1,190.54
375,164.06,161.24,324.06,9301.0,25715.0,2918.23,2485.1,172.106,2600.3,184.97
376,171.73,166.06,333.76,9422.8,26777.0,2956.94,2543.6,170.138,2531.4,183.41
377,178.9,167.71,337.05,9889.2,28799.0,3045.65,2567.1,171.465,2584.7,183.75
378,185.89,163.26,328.1,9623.1,28319.0,2976.35,2504.1,170.614,2552.6,180.38
379,190.54,162.47,326.51,9957.1,28544.0,2992.87,2485.4,170.092,2620.8,173.24
380,184.97,163.03,327.63,9974.3,28133.0,2965.25,2518.3,168.796,2563.7,168.91
381,183.41,164.43,330.43,9888.4,27660.0,2933.34,2515.1,169.635,2617.8,167.46
382,183.75,160.05,321.61,9459.0,26361.0,2803.26,2392.8,169.924,2500.8,167.73
383,180.38,161.7,324.92,9637.6,26020.0,2842.43,2418.4,169.34599999999998,2628.6,167.37
384,173.24,161.05,323.6,9541.2,24980.0,2882.78,2474.4,169.26,2657.0,163.85
385,168.91,159.99,321.47,9551.25,24761.25,2878.19,2470.0,170.65,2631.25,162.15
386,167.46,160.48,322.43,9594.83,24451.67,2852.73,2449.17,173.222,2560.33,160.36
387,167.73,158.1,317.64,9347.1,24321.0,2808.0,2394.5,173.53599999999997,2447.8,157.09
388,167.37,154.95,311.32,9144.7,24440.0,2764.28,2307.6,172.21400000000003,2402.0,154.95
389,163.85,153.85,309.1,8968.7,23738.0,2739.88,2313.2,171.00599999999997,2370.8,149.15
390,162.15,149.96,301.27,8540.0,23167.0,2670.85,2288.6,172.954,2270.5,146.67
391,160.36,145.89,293.09,8277.4,21985.0,2601.76,2242.0,171.13400000000001,2212.1,148.55
392,157.09,145.36,292.01,8402.7,21876.0,2617.1,2285.5,170.362,2315.8,147.96
393,154.95,153.08,307.51,8777.1,24146.0,2788.87,2430.3,167.174,2548.0,140.81
394,149.15,149.84,301.0,8471.4,23724.0,2717.6,2407.1,166.99200000000002,2488.7,138.96
395,146.67,146.7,294.68,8371.2,23134.0,2676.76,2325.2,168.43599999999998,2510.0,136.12
396,148.55,145.06,291.37,8320.2,23554.0,2658.25,2340.9,168.9,2420.0,137.22
397,147.96,146.11,293.49,8355.2,24267.0,2670.15,2387.3,167.84799999999998,2346.5,139.46
398,140.81,141.03,283.28,8158.5,24281.0,2606.08,2333.2,168.18,2262.8,141.18
399,138.96,139.82,280.84,7994.6,23270.0,2544.06,2291.8,171.426,2257.0,144.48
400,136.12,138.45,278.08,7784.7,22805.0,2482.13,2201.0,173.135,2189.6,146.52
401,137.22,137.66,276.47,7633.6,23156.0,2434.94,2123.0,172.30599999999998,2194.3,143.39
402,139.46,135.38,271.89,7571.5,22280.0,2395.35,2109.0,172.886,2153.8,138.99
403,141.18,132.8,266.69,7538.25,21271.25,2358.93,2084.38,174.94,2091.63,132.91
404,144.48,130.17,261.41,7194.1,20581.0,2285.05,2021.7,174.78400000000002,1988.0,120.81
405,146.52,132.29,265.67,7304.3,21730.0,2318.88,2108.2,173.832,2083.2,116.97
406,143.39,133.29,267.67,7246.8,21780.0,2315.0,2154.3,173.128,2082.4,124.17
407,138.99,136.02,273.13,7376.3,21703.0,2358.53,2203.0,173.178,2160.3,135.54
408,132.91,130.91,262.87,7121.6,20504.0,2255.65,2067.0,175.524,1994.2,141.48
409,120.81,128.54,258.1,6745.3,19393.0,2180.65,1973.6,178.21200000000002,1836.4,143.01
410,116.97,127.33,255.66,6645.4,19312.0,2154.73,1983.6,177.31599999999997,1795.5,144.56
411,124.17,125.78,252.55,6565.9,19015.0,2155.54,1952.0,180.23,1770.9,140.74
412,135.54,125.25,251.48,6536.9,19568.0,2140.75,1948.7,178.998,1737.6,139.4
413,141.48,127.73,256.44,6554.6,19503.0,2181.88,1929.2,174.408,1783.3,155.23
414,143.01,128.4,257.78,6524.7,19676.0,2165.87,1951.9,179.048,1696.3,169.42
415,144.56,123.6,248.15,6259.5,18638.0,2089.43,1885.8,180.75799999999998,1621.5,173.81
416,140.74,123.65,248.23,6597.63,19472.5,2124.03,1943.38,176.2875,1680.5,175.19
417,139.4,124.57,250.08,6818.6,21471.0,2205.0,2008.1,179.612,1772.2,178.58
418,155.23,124.26,249.44,6586.2,21166.0,2186.22,1984.7,168.38,1764.6,170.06
419,169.42,130.13,261.22,7019.7,22584.0,2328.57,2086.1,166.732,2010.3,159.23
420,173.81,130.86,262.67,6948.38,23012.5,2312.88,2093.88,163.9375,2008.88,152.48
421,175.19,134.25,269.47,7515.1,26227.0,2419.21,2210.1,162.762,2246.3,145.54
422,178.58,134.83,270.63,7686.0,26788.0,2466.98,2321.7,163.09,2255.1,137.48
423,170.06,135.69,272.34,7893.0,26263.0,2501.36,2408.2,163.39600000000002,2322.4,130.29
424,159.23,134.86,270.67,7887.5,24687.5,2466.65,2326.13,164.608,2248.88,131.18
425,152.48,132.69,266.31,7783.0,24643.75,2402.29,2277.63,166.174,2148.13,129.95
426,145.54,130.79,262.49,7370.6,22543.0,2311.37,2198.8,166.40599999999998,2078.5,125.49
427,137.48,132.88,266.68,7419.3,22075.0,2350.07,2228.2,165.808,2211.5,124.12
428,130.29,133.44,267.79,7463.0,21923.0,2348.93,2213.7,166.21599999999998,2244.2,121.98
429,131.18,134.37,269.64,7425.9,22161.0,2328.35,2149.1,168.5725,2175.4,120.0
430,129.95,133.09,267.08,7143.0,20360.0,2253.01,2085.1,169.018,2214.1,124.93
431,125.49,134.32,269.55,7035.9,19839.0,2284.72,2065.6,168.22,2227.1,126.5
432,124.12,129.98,260.82,6572.6,17742.0,2141.29,2003.2,170.58,2026.3,122.02
433,121.98,129.95,260.75,6641.2,17963.0,2149.15,2041.8,169.658,2027.2,109.74
434,120.0,131.75,264.37,7171.0,18297.0,2245.31,2148.7,168.678,2137.0,106.78
435,124.93,136.33,273.56,7396.4,18705.0,2353.57,2241.8,165.368,2355.5,103.99
436,126.5,139.74,280.41,7472.1,18095.0,2404.67,2281.3,164.778,2463.3,99.32
437,122.02,142.94,286.81,7505.5,18660.0,2408.89,2268.8,168.12400000000002,2517.7,98.58
438,109.74,139.59,280.08,7287.33,18770.0,2324.03,2230.67,171.5375,2385.83,102.33
439,106.78,136.28,273.44,6926.75,17952.5,2278.18,2211.25,172.98,2304.5,101.29
440,103.99,135.29,271.45,6881.6,16937.0,2268.16,2228.0,170.75799999999998,2319.9,97.36
441,99.32,133.13,267.11,6899.4,16188.0,2242.03,2147.6,169.548,2275.6,92.38
442,98.58,136.32,273.52,6991.3,16136.0,2293.82,2074.8,169.95,2367.2,88.77
443,102.33,135.45,271.77,6876.8,16633.0,2239.4,1998.1,169.398,2344.1,86.79
444,101.29,135.65,272.16,6775.9,16804.0,2228.85,1991.8,169.268,2334.1,85.19
445,97.36,132.55,265.94,6522.1,16769.0,2137.93,1914.8,170.172,2268.1,85.24
446,92.38,133.55,267.95,6499.8,17951.0,2128.72,1880.9,173.128,2292.5,85.3
447,88.77,133.67,268.17,6542.6,18695.0,2124.22,1937.3,174.158,2308.6,83.4
448,86.79,137.31,275.49,6451.1,19155.0,2152.61,1909.9,171.766,2313.6,79.58
449,85.19,132.59,266.0,6189.5,18464.0,2091.26,1875.3,170.842,2210.6,76.15
450,85.24,127.97,256.74,6093.1,18249.0,2051.44,1814.4,171.62,2171.2,77.0
451,85.3,125.04,250.86,5984.1,17099.0,1999.06,1807.3,174.1425,2177.4,85.64
452,83.4,125.15,251.06,6110.2,17347.0,2021.53,1834.9,176.042,2191.5,94.75
453,79.58,127.34,255.44,6230.0,17059.0,2044.59,1858.5,178.25400000000002,2158.2,102.2
454,76.15,125.12,250.99,6354.7,17788.0,2042.1,1845.2,180.49,2306.1,99.0
455,77.0,123.87,248.47,6220.13,18171.25,1995.29,1816.25,182.548,2152.75,91.61
456,85.64,127.35,255.45,6340.6,19556.0,1974.33,1867.2,182.512,2033.4,87.05
457,94.75,126.41,253.57,6083.2,19346.0,1930.43,1923.9,182.59,1813.3,81.83
458,102.2,129.48,259.7,6233.4,20349.0,1976.72,1979.1,180.644,1856.5,79.85
459,99.0,131.31,263.38,6004.0,19316.0,1987.13,1964.8,179.03599999999997,1897.2,76.9
460,91.61,123.27,247.22,5577.5,16948.0,1848.03,1820.0,181.97799999999998,1782.5,76.05
461,87.05,122.11,244.9,5422.4,16187.0,1808.59,1722.8,183.438,1693.9,74.94
462,81.83,117.16,234.97,5107.4,15485.0,1712.75,1605.5,187.766,1590.3,72.24
463,79.85,115.28,231.18,4876.4,15266.0,1674.46,1560.9,186.322,1636.2,68.31
464,76.9,122.99,246.64,5046.5,16001.0,1743.26,1609.8,186.81400000000002,1706.5,64.45
465,76.05,123.17,246.99,4929.3,15175.0,1729.78,1602.1,186.96,1661.2,64.15
466,74.94,125.83,252.32,4989.6,14922.0,1739.2,1596.2,184.378,1671.8,63.67
467,72.24,128.47,257.59,5133.9,15081.0,1799.64,1618.2,183.15200000000002,1726.8,61.38
468,68.31,127.38,255.41,4969.9,14290.0,1742.4,1461.5,182.37400000000002,1620.0,60.31
469,64.45,122.71,246.03,4653.0,13305.0,1646.18,1386.63,184.166,1450.88,58.73
470,64.15,120.24,241.07,4526.0,12404.0,1619.7,1450.1,183.74200000000002,1453.2,59.23
471,63.67,119.83,240.25,4463.6,12604.0,1620.85,1486.9,182.79,1434.0,59.96
472,61.38,117.93,236.42,4685.75,12548.75,1630.2,1508.88,187.805,1447.25,60.48
473,60.31,110.13,220.78,4361.4,11209.0,1538.24,1423.8,197.095,1338.3,59.7
474,58.73,110.03,220.58,4477.7,11509.0,1567.39,1414.1,196.674,1452.4,62.47
475,59.23,113.42,227.37,4705.75,12126.25,1603.47,1459.63,194.41400000000002,1494.25,62.37
476,59.96,111.75,224.0,4352.38,10688.75,1528.94,1435.5,194.78599999999997,1320.5,64.81
477,60.48,110.32,221.13,4022.2,9787.0,1483.79,1371.3,199.9,1258.2,69.04
478,59.7,112.63,225.76,3966.3,9641.0,1488.03,1384.8,202.222,1281.9,74.98
479,62.47,109.48,219.43,3806.4,9893.0,1454.69,1360.3,209.642,1315.2,81.86
480,62.37,104.87,210.17,3607.1,9637.0,1410.63,1296.5,222.608,1248.6,78.83
481,64.81,104.53,209.49,3537.7,9721.0,1393.32,1290.5,227.252,1104.1,74.25
482,69.04,104.9,210.21,3315.9,9699.0,1371.5,1282.0,220.34799999999998,1020.1,73.34
483,74.98,103.25,206.9,3227.0,9812.0,1376.96,1293.4,210.622,1079.7,74.09
484,81.86,110.08,220.57,3424.5,10703.0,1408.46,1372.1,202.968,1151.4,73.64
485,78.83,110.87,222.14,3291.5,11421.0,1386.18,1373.3,202.498,1150.9,72.54
486,74.25,111.52,223.43,3227.6,11265.0,1366.04,1312.4,201.89,1152.0,76.43
487,73.34,111.27,222.93,3202.6,10975.0,1335.76,1335.7,200.486,1115.4,74.15
488,74.09,112.56,225.5,3227.6,10469.0,1360.21,1449.3,198.058,1131.6,69.38
489,73.64,119.64,239.68,3254.9,12238.0,1406.77,1539.3,191.83599999999998,1150.4,65.82
490,72.54,115.99,232.36,2907.0,10783.75,1329.76,1463.13,185.9025,958.75,102.97373469387765
491,76.43,111.43,223.23,2843.67,9723.33,1266.86,1493.33,191.3825,895.67,102.97373469387765
492,74.15,112.76,225.9,2961.5,9717.0,1281.61,1433.1,195.56599999999997,958.1,102.97373469387765
493,69.38,111.39,223.14,3131.2,9700.0,1289.19,1476.6,208.21400000000003,977.5,102.97373469387765
494,65.82,113.19,226.74,3392.0,9347.0,1295.27,1582.0,213.136,1012.2,102.97373469387765
