Date,FVJ,FMG,철광석 Fines (Daily) [중국(수입가 CFR)] 현물USD/ton,Bloomberg(DJ-UBS) Commodity Index1991=100,Bloomberg Commodity Total Return1991=100,Rogers International Commodities Index Metals1998.07.31=1000,전기동 [LME] 현물USD/ton,니켈 [LME] 현물USD/ton,알루미늄 [LME] 현물USD/ton,납 [LME] 현물USD/ton,BHP,RIO
2008-12-05,1.256,2.48,65.82,113.1866,226.74200000000002,1295.2720000000002,3392.0,9347.0,1582.0,1012.2,35.846,17.601499800000003
2008-12-12,1.272,2.478,69.38,111.3866,223.13600000000002,1289.19,3131.2,9700.0,1476.6,977.5,39.687999399999995,21.1570002
2008-12-19,1.1960000000000002,2.396,74.15,112.76480000000001,225.89600000000002,1281.6060000000002,2961.5,9717.0,1433.1,958.1,42.609999800000004,22.967499999999998
2008-12-26,0.848,1.7750000000000001,76.43,111.43225,223.23,1266.855,2843.6666666666665,9723.333333333334,1493.3333333333333,895.6666666666666,39.7275,20.37812525
2009-01-02,0.9033333333333333,1.93,72.54,115.98975,232.3625,1329.7549999999999,2907.0,10783.75,1463.125,958.75,42.66,22.54562525
2009-01-09,1.1059999999999999,2.134,73.64,119.6412,239.68,1406.766,3254.9,12238.0,1539.3,1150.4,45.330000999999996,26.7865
2009-01-16,0.974,1.9769999999999999,74.09,112.5574,225.496,1360.2099999999998,3227.6,10469.0,1449.3,1131.6,40.1679992,22.128
2009-01-23,0.9144000000000002,1.8699999999999999,73.34,111.27375,222.93,1335.755,3202.6,10975.0,1335.7,1115.4,37.589999999999996,21.151874749999998
2009-01-30,0.8343999999999999,1.7287499999999998,74.25,111.51859999999999,223.42600000000002,1366.0399999999997,3227.6,11265.0,1312.4,1152.0,39.33000020000001,22.4225002
2009-02-06,1.018,2.08,78.83,110.87100000000001,222.13599999999997,1386.1799999999998,3291.5,11421.0,1373.3,1150.9,40.977999999999994,26.1659996
2009-02-13,1.306,2.566,81.86,110.08279999999999,220.57,1408.4600000000003,3424.5,10703.0,1372.1,1151.4,43.0700006,27.908000199999996
2009-02-20,1.4300000000000002,2.8080000000000003,74.98,103.25275,206.8975,1376.96,3227.0,9812.0,1293.4,1079.7,38.924999,26.83624975
2009-02-27,1.31,2.74,69.04,104.89760000000001,210.208,1371.496,3315.9,9699.0,1282.0,1020.1,37.513999,25.7904998
2009-03-06,1.25,2.456,64.81,104.5306,209.48600000000002,1393.3200000000002,3537.7,9721.0,1290.5,1104.1,35.8719998,24.3490002
2009-03-13,1.24,2.424,62.37,104.86760000000001,210.17199999999997,1410.6339999999998,3607.1,9637.0,1296.5,1248.6,39.9,27.734500200000003
2009-03-20,,2.3,62.47,109.48140000000001,219.42999999999998,1454.686,3806.4,9893.0,1360.3,1315.2,43.1180008,28.368999600000002
2009-03-27,1.1549999999999998,2.382,59.7,112.63340000000001,225.75799999999998,1488.034,3966.3,9641.0,1384.8,1281.9,46.81800020000001,33.5819998
2009-04-03,1.25,2.5460000000000003,60.48,110.319,221.12800000000001,1483.7859999999998,4022.2,9787.0,1371.3,1258.2,46.34,35.0749998
2009-04-10,1.31,2.3675,59.96,111.74875,224.0,1528.9424999999999,4352.375,10688.75,1435.5,1320.5,46.42249875,33.21062475
2009-04-17,1.4,2.5025,59.23,113.4222,227.36600000000004,1603.4720000000002,4705.75,12126.25,1459.625,1494.25,48.2080002,36.402500200000006
2009-04-24,1.33,2.596,58.73,110.0334,220.58,1567.386,4477.7,11509.0,1414.1,1452.4,45.852001200000004,36.0109992
2009-05-01,,2.386,60.31,110.1336,220.78400000000002,1538.236,4361.4,11209.0,1423.8,1338.3,47.331998999999996,39.7914994
2009-05-08,,2.5040000000000004,61.38,117.92980000000003,236.42,1630.202,4685.75,12548.75,1508.875,1447.25,52.364,45.50350040000001
2009-05-15,1.42,2.8339999999999996,63.67,119.83340000000001,240.246,1620.852,4463.6,12604.0,1486.9,1434.0,50.8959992,40.850499
2009-05-22,,2.58,64.15,120.2376,241.06600000000003,1619.704,4526.0,12404.0,1450.1,1453.2,52.580000399999996,42.785500400000004
2009-05-29,,2.592,64.44666666666667,122.71,246.0325,1646.1799999999998,4653.0,13305.0,1386.625,1450.875,54.6675005,44.083124
2009-06-05,1.77,2.876,68.30600000000001,127.3808,255.406,1742.402,4969.9,14290.0,1461.5,1620.0,58.83400120000001,48.2139992
2009-06-12,2.2525000000000004,3.8,72.244,128.4658,257.586,1799.6420000000003,5133.9,15081.0,1618.2,1726.8,60.246,50.4324998
2009-06-19,2.135,3.7699999999999996,74.936,125.833,252.31599999999997,1739.196,4989.6,14922.0,1596.2,1671.8,56.0239998,43.579499
2009-06-26,2.1933333333333334,3.7939999999999996,76.054,123.1742,246.994,1729.784,4929.3,15175.0,1602.1,1661.2,54.3519998,40.2399994
2009-07-03,2.06,3.6759999999999997,76.898,122.994,246.64,1743.2549999999999,5046.5,16001.0,1609.8,1706.5,54.802501,40.9556245
2009-07-10,1.85,3.4539999999999997,79.854,115.2776,231.17800000000003,1674.4560000000001,4876.4,15266.0,1560.9,1636.2,50.259999799999996,33.693999
2009-07-17,2.23,3.768,81.828,117.16219999999998,234.96599999999998,1712.7540000000001,5107.4,15485.0,1605.5,1590.3,54.9660004,34.316001400000005
2009-07-24,2.4966666666666666,4.306,87.046,122.1104,244.898,1808.5939999999998,5422.4,16187.0,1722.8,1693.9,60.25,38.8065002
2009-07-31,2.5949999999999998,4.334,91.612,123.266,247.22400000000002,1848.0260000000003,5577.5,16948.0,1820.0,1782.5,61.7420006,40.0249998
2009-08-07,2.62,4.378,99.00199999999998,131.31459999999998,263.378,1987.1299999999999,6004.0,19316.0,1964.8,1897.2,65.1880006,42.803500400000004
2009-08-14,2.4699999999999998,4.324,102.196,129.4756,259.696,1976.72,6233.4,20349.0,1979.1,1856.5,63.12999979999999,39.370999600000005
2009-08-21,2.61,4.49,94.75399999999999,126.41479999999999,253.56799999999998,1930.432,6083.2,19346.0,1923.9,1813.3,61.7780006,38.4794998
2009-08-28,2.74,4.49,85.642,127.35259999999998,255.454,1974.33,6340.6,19556.0,1867.2,2033.4,63.4259996,39.8314994
2009-09-04,2.41,4.226000000000001,76.9975,123.8656,248.47199999999998,1995.288,6220.125,18171.25,1816.25,2152.75,61.8239996,38.7330002
2009-09-11,,4.209999999999999,76.148,125.1175,250.99,2042.1,6354.7,17788.0,1845.2,2306.1,65.70499975,42.596874
2009-09-18,,4.146000000000001,79.578,127.33600000000001,255.44400000000002,2044.5900000000001,6230.0,17059.0,1858.5,2158.2,67.367999,44.605001200000004
2009-09-25,2.4699999999999998,4.15,83.404,125.1462,251.06,2021.5279999999998,6110.2,17347.0,1834.9,2191.5,65.2899992,43.4394998
2009-10-02,2.1500000000000004,3.7880000000000003,85.298,125.0438,250.856,1999.0580000000002,5984.1,17099.0,1807.3,2177.4,64.6220002,41.890499
2009-10-09,,3.65,85.244,127.97200000000001,256.738,2051.4440000000004,6093.1,18249.0,1814.4,2171.2,67.2040008,44.1019996
2009-10-16,2.4450000000000003,4.008,85.192,132.5882,266.002,2091.2619999999997,6189.5,18464.0,1875.3,2210.6,70.5239988,47.116000400000004
2009-10-23,,4.008000000000001,86.792,137.31459999999998,275.49,2152.61,6451.1,19155.0,1909.9,2313.6,73.39000059999998,49.07
2009-10-30,,3.8480000000000003,88.772,133.66539999999998,268.17,2124.224,6542.6,18695.0,1937.3,2308.6,68.6880004,45.80949939999999
2009-11-06,,3.7299999999999995,92.382,133.5538,267.95,2128.716,6499.8,17951.0,1880.9,2292.5,67.2059996,46.95600040000001
2009-11-13,2.43,4.022,97.364,132.5514,265.942,2137.928,6522.1,16769.0,1914.8,2268.1,72.1260012,51.62049939999999
2009-11-20,,4.26,101.28999999999999,135.6466,272.156,2228.8540000000003,6775.9,16804.0,1991.8,2334.1,75.11000240000001,54.415000199999994
2009-11-27,,4.156000000000001,102.328,135.4505,271.765,2239.3975,6876.8,16633.0,1998.1,2344.1,75.385002,52.40874975
2009-12-04,2.66,4.294,98.576,136.32459999999998,273.52200000000005,2293.818,6991.3,16136.0,2074.8,2367.2,76.5699998,52.6894996
2009-12-11,,4.2059999999999995,99.324,133.126,267.10800000000006,2242.03,6899.4,16188.0,2147.6,2275.6,73.5939988,50.998501000000005
2009-12-18,2.65,4.336,103.98999999999998,135.2888,271.448,2268.156,6881.6,16937.0,2228.0,2319.9,73.8980028,51.459500000000006
2009-12-25,2.685,4.364999999999999,106.78,136.281,273.4425,2278.1775,6926.75,17952.5,2211.25,2304.5,74.23999800000001,52.44000075
2010-01-01,,4.386666666666667,109.73500000000001,139.58575,280.0775,2324.0325,7287.333333333333,18770.0,2230.6666666666665,2385.8333333333335,76.42,53.95875
2010-01-08,3.05,4.904,122.018,142.93980000000002,286.81,2408.892,7505.5,18660.0,2268.8,2517.7,80.3,57.902999799999996
2010-01-15,3.325,5.254,126.498,139.7436,280.406,2404.67,7472.1,18095.0,2281.3,2463.3,80.16800079999999,58.436
2010-01-22,3.07,5.08,124.93199999999999,136.33100000000002,273.5575,2353.5725,7396.4,18705.0,2241.8,2355.5,76.77750025,55.54312425
2010-01-29,2.905,4.625,119.99600000000001,131.7494,264.36600000000004,2245.308,7171.0,18297.0,2148.7,2137.0,72.1460008,50.4495002
2010-02-05,2.9002000000000003,4.67,121.97999999999999,129.9478,260.754,2149.1459999999997,6641.2,17963.0,2041.8,2027.2,71.2980012,50.5509994
2010-02-12,2.9486,4.6979999999999995,124.122,129.97660000000002,260.82,2141.29,6572.6,17742.0,2003.2,2026.3,70.6460008,49.8254996
2010-02-19,3.2286,4.98,125.48999999999998,134.32425,269.54749999999996,2284.7225000000003,7035.9,19839.0,2065.6,2227.1,74.709999,53.51124949999999
2010-02-26,3.0764000000000005,4.752,129.948,133.0888,267.07599999999996,2253.008,7143.0,20360.0,2085.1,2214.1,73.51399980000001,52.065500799999995
2010-03-05,3.1521999999999997,4.782,131.17999999999998,134.36539999999997,269.642,2328.346,7425.9,22161.0,2149.1,2175.4,76.5380006,54.3800012
2010-03-12,3.2421999999999995,4.878000000000001,130.286,133.4388,267.79,2348.9300000000003,7463.0,21923.0,2213.7,2244.2,78.8439988,56.05550000000001
2010-03-19,3.2708,4.872,137.478,132.8804,266.678,2350.0679999999998,7419.3,22075.0,2228.2,2211.5,78.764,56.4020004
2010-03-26,3.2322,4.786,145.542,130.79299999999998,262.49399999999997,2311.374,7370.6,22543.0,2198.8,2078.5,78.7339994,57.31699960000001
2010-04-02,3.29175,4.9125000000000005,152.476,132.68875,266.3075,2402.285,7783.0,24643.75,2277.625,2148.125,81.189999,59.635000500000004
2010-04-09,3.4405,5.0225,159.23000000000002,134.8598,270.67400000000004,2466.654,7887.5,24687.5,2326.125,2248.875,81.9240008,60.96400080000001
2010-04-16,3.5914,5.3100000000000005,170.06199999999998,135.6858,272.344,2501.3579999999997,7893.0,26263.0,2408.2,2322.4,81.3440002,60.3594998
2010-04-23,3.5020000000000002,5.117999999999999,178.578,134.83120000000002,270.63399999999996,2466.98,7686.0,26788.0,2321.7,2255.1,78.6160004,58.083499999999994
2010-04-30,3.2878,4.76,175.18800000000002,134.246,269.468,2419.21,7515.1,26227.0,2210.1,2246.3,75.45599960000001,54.5724998
2010-05-07,2.883,4.228,173.81,130.85820000000004,262.674,2312.882,6948.375,23012.5,2093.875,2008.875,67.9780012,47.101999600000006
2010-05-14,3.0118,4.279999999999999,169.41600000000003,130.1284,261.218,2328.572,7019.7,22584.0,2086.1,2010.3,68.43399959999999,48.7340002
2010-05-21,2.6444,3.85,155.226,124.258,249.44400000000005,2186.2159999999994,6586.2,21166.0,1984.7,1764.6,62.8499992,43.278
2010-05-28,2.5679999999999996,3.8259999999999996,139.404,124.57060000000001,250.07800000000003,2204.9980000000005,6818.6,21471.0,2008.1,1772.2,63.411998600000004,44.3360008
2010-06-04,2.8124000000000002,4.101999999999999,140.744,123.64574999999999,248.22500000000002,2124.0325000000003,6597.625,19472.5,1943.375,1680.5,62.739999749999996,45.42500025
2010-06-11,2.77,3.9560000000000004,144.558,123.60140000000001,248.14600000000002,2089.432,6259.5,18638.0,1885.8,1621.5,62.465999800000006,45.682
2010-06-18,2.9267999999999996,4.2725,143.012,128.3992,257.784,2165.868,6524.7,19676.0,1951.9,1696.3,67.20400099999999,49.2380014
2010-06-25,3.114,4.4799999999999995,141.48200000000003,127.72940000000001,256.444,2181.8759999999997,6554.6,19503.0,1929.2,1783.3,68.630002,49.883999599999996
2010-07-02,2.8665999999999996,4.186,135.542,125.2544,251.48200000000003,2140.746,6536.9,19568.0,1948.7,1737.6,63.4399994,45.2019996
2010-07-09,2.8237999999999994,4.234,124.172,125.78349999999999,252.54749999999999,2155.54,6565.9,19015.0,1952.0,1770.9,66.107499,46.98250025
2010-07-16,2.8856,4.267999999999999,116.97,127.32759999999999,255.66,2154.728,6645.4,19312.0,1983.6,1795.5,66.73999939999999,46.979999400000004
2010-07-23,2.7312000000000003,4.104,120.80600000000001,128.53979999999999,258.09799999999996,2180.6459999999997,6745.3,19393.0,1973.6,1836.4,69.20800019999999,49.3560006
2010-07-30,2.917,4.318,132.91,130.91140000000001,262.87,2255.6539999999995,7121.6,20504.0,2067.0,1994.2,72.0920014,52.2099996
2010-08-06,3.0126000000000004,4.4,138.988,136.01860000000002,273.134,2358.526,7376.3,21703.0,2203.0,2160.3,75.1060012,54.8019996
2010-08-13,3.0454,4.492000000000001,143.394,133.2942,267.672,2314.996,7246.8,21780.0,2154.3,2082.4,72.5520004,52.30999979999999
2010-08-20,3.1380000000000003,4.602,146.522,132.29340000000002,265.66999999999996,2318.8759999999997,7304.3,21730.0,2108.2,2083.2,69.0240002,51.999999200000005
2010-08-27,3.1012,4.5120000000000005,144.484,130.1688,261.408,2285.052,7194.1,20581.0,2021.7,1988.0,66.2460006,49.291999600000004
2010-09-03,3.3202,4.8,141.18,132.79620000000003,266.69399999999996,2358.928,7538.25,21271.25,2084.375,2091.625,68.8279998,52.545999800000004
2010-09-10,3.4454000000000002,4.896,139.45800000000003,135.37675000000002,271.885,2395.3450000000003,7571.5,22280.0,2109.0,2153.8,70.17,53.76000025
2010-09-17,3.501,4.944,137.21800000000002,137.65679999999998,276.47400000000005,2434.9360000000006,7633.6,23156.0,2123.0,2194.3,73.13600000000001,55.87800059999999
2010-09-24,3.4842,4.94,136.11999999999998,138.45319999999998,278.078,2482.126,7784.7,22805.0,2201.0,2189.6,74.39399879999999,57.04200060000001
2010-10-01,3.6129999999999995,5.188,138.95800000000003,139.82319999999999,280.84000000000003,2544.0560000000005,7994.6,23270.0,2291.8,2257.0,76.648001,59.183999799999995
2010-10-08,3.8068,5.470000000000001,140.812,141.0346,283.28,2606.078,8158.5,24281.0,2333.2,2262.8,79.2019974,61.2019996
2010-10-15,4.4086,6.268,147.95600000000002,146.11419999999998,293.492,2670.154,8355.2,24267.0,2387.3,2346.5,81.6880006,63.993999599999995
2010-10-22,4.3716,6.286,148.55,145.0564,291.372,2658.254,8320.2,23554.0,2340.9,2420.0,80.8100006,64.1380012
2010-10-29,4.4494,6.366,146.668,146.6974,294.678,2676.764,8371.2,23134.0,2325.2,2510.0,82.2259994,65.44600080000001
2010-11-05,4.6192,6.546000000000001,149.152,149.8432,301.002,2717.596,8471.4,23724.0,2407.1,2488.7,87.53399959999999,67.99399880000001
2010-11-12,4.9152000000000005,6.7620000000000005,154.948,153.07780000000002,307.506,2788.874,8777.1,24146.0,2430.3,2548.0,89.30399919999999,70.57600099999999
2010-11-19,4.8225999999999996,6.708,157.08999999999997,145.35780000000003,292.006,2617.1040000000003,8402.7,21876.0,2285.5,2315.8,86.3,67.6020018
2010-11-26,4.684399999999999,6.55,160.36399999999998,145.89149999999998,293.08500000000004,2601.7625,8277.4,21985.0,2242.0,2212.1,84.59,66.18249899999999
2010-12-03,4.6748,6.428,162.148,149.9602,301.27,2670.8540000000003,8540.0,23167.0,2288.6,2270.5,85.51000059999998,66.8259994
2010-12-10,4.804,6.539999999999999,163.85,153.85399999999998,309.102,2739.878,8968.7,23738.0,2313.2,2370.8,88.906001,70.1919984
2010-12-17,4.9532,6.739999999999999,167.368,154.95319999999998,311.318,2764.284,9144.7,24440.0,2307.6,2402.0,89.977998,69.9859984
2010-12-24,5.0745000000000005,6.747999999999999,167.73200000000003,158.09725,317.6425,2808.0,9347.1,24321.0,2394.5,2447.8,91.07250225000001,70.29000075
2010-12-31,5.07575,6.683333333333334,167.45600000000002,160.4762,322.43199999999996,2852.728,9594.833333333334,24451.666666666668,2449.1666666666665,2560.3333333333335,92.29000079999999,70.6880006
2011-01-07,4.901200000000001,6.5075,168.91000000000003,159.99060000000003,321.46999999999997,2878.19,9551.25,24761.25,2470.0,2631.25,90.41799919999998,70.0639998
2011-01-14,4.956,6.686,173.244,161.0474,323.60200000000003,2882.782,9541.2,24980.0,2474.4,2657.0,90.0599992,70.5699998
2011-01-21,4.989,6.862,180.38,161.69625,324.91499999999996,2842.4300000000003,9637.6,26020.0,2418.4,2628.6,89.59749975000001,69.59749975
2011-01-28,4.751,6.58,183.75,160.0454,321.60600000000005,2803.2599999999998,9459.0,26361.0,2392.8,2500.8,89.1179994,69.7859986
2011-02-04,4.752,6.542,183.406,164.43059999999997,330.428,2933.3360000000002,9888.4,27660.0,2515.1,2617.8,92.4800004,72.1279996
2011-02-11,4.907,6.7,184.97,163.033,327.628,2965.25,9974.3,28133.0,2518.3,2563.7,94.34000080000001,74.8679976
2011-02-18,5.0440000000000005,6.876,190.53799999999998,162.4728,326.514,2992.8679999999995,9957.1,28544.0,2485.4,2620.8,93.9639998,73.56800080000001
2011-02-25,4.777,6.555,185.888,163.25825,328.09999999999997,2976.35,9623.1,28319.0,2504.1,2552.6,92.535002,68.89999975
2011-03-04,4.7336,6.539999999999999,178.898,167.708,337.048,3045.6519999999996,9889.2,28799.0,2567.1,2584.7,94.8159988,70.5940004
2011-03-11,4.4548,6.236,171.734,166.0646,333.7579999999999,2956.938,9422.8,26777.0,2543.6,2531.4,91.7859984,66.1300004
2011-03-18,3.9964,5.755,164.06,161.237,324.062,2918.234,9301.0,25715.0,2485.1,2600.3,87.3579972,64.276001
2011-03-25,4.282,6.0200000000000005,165.278,167.399,336.45,3016.6540000000005,9616.7,26779.0,2578.0,2708.1,90.0499984,67.4519974
2011-04-01,4.5854,6.372,169.968,167.8648,337.394,3015.596,9450.0,26143.0,2592.4,2699.9,94.0979996,70.53399979999999
2011-04-08,4.789,6.676,175.796,171.764,345.236,3088.318,9533.4,26249.0,2632.3,2843.2,99.268001,72.8539992
2011-04-15,4.6982,6.581999999999999,181.378,170.41320000000002,342.526,3091.8100000000004,9564.8,26726.0,2635.8,2810.3,100.68200060000001,72.0440004
2011-04-22,4.6085,6.352500000000001,179.13500000000002,171.88925,345.495,3100.9425,9424.25,26072.5,2691.25,2662.25,99.93750175,71.0249975
2011-04-29,4.62625,6.330000000000001,179.74,173.9514,349.64400000000006,3130.864,9391.5,26400.0,2744.3333333333335,2564.5,101.43000040000001,72.972
2011-05-06,4.409000000000001,6.0840000000000005,182.16,167.1632,336.004,3013.906,8999.375,25647.5,2696.125,2434.5,96.7260012,69.1000002
2011-05-13,4.702600000000001,6.346,179.564,161.3082,324.23999999999995,2907.796,8797.5,24541.0,2627.5,2351.2,95.1740006,68.090001
2011-05-20,4.6678,6.34,176.862,160.84459999999999,323.308,2882.788,8891.7,24134.0,2525.2,2377.7,93.79799940000001,67.3139998
2011-05-27,4.6776,6.318,172.772,162.9794,327.6,2925.8779999999997,8974.6,23016.0,2529.3,2498.4,92.5440002,67.5880004
2011-06-03,4.7224,6.506,170.58,165.772,333.2175,2969.26,9112.25,22996.25,2635.875,2489.25,93.35999849999999,68.71750075
2011-06-10,4.5662,6.322,171.484,165.7058,333.088,2975.112,9022.3,22608.0,2633.5,2530.0,91.29999679999999,67.79599900000001
2011-06-17,4.5274,6.159999999999999,173.534,161.6302,324.9,2915.488,9033.0,22075.0,2549.7,2507.6,89.64399999999999,66.5299988
2011-06-24,4.426599999999999,6.086,170.36999999999998,158.0152,317.63599999999997,2895.0119999999997,9005.1,21819.0,2492.3,2470.0,89.18399980000001,67.69000079999999
2011-07-01,4.4926,6.194,167.18400000000003,157.1806,315.9599999999999,2913.536,9175.6,22713.0,2486.6,2588.6,92.6619994,70.9879992
2011-07-08,4.7446,6.458,169.842,160.02075,321.66999999999996,3004.2599999999998,9499.7,23370.0,2507.5,2675.3,95.62249949999999,72.69999874999999
2011-07-15,4.7592,6.396,172.59599999999995,162.90939999999998,327.47799999999995,3011.722,9595.2,23620.0,2454.7,2678.5,92.57800140000002,70.4279998
2011-07-22,4.8098,6.498,173.754,164.4862,330.65,3079.168,9703.1,23882.0,2492.7,2713.2,92.7400008,71.19599919999999
2011-07-29,4.8824000000000005,6.502000000000001,175.26399999999998,164.46359999999999,330.604,3119.266,9721.8,24176.0,2598.3,2672.6,92.97600080000001,71.5520018
2011-08-05,4.6078,6.137499999999999,177.234,160.2354,322.11199999999997,3017.722,9529.7,24029.0,2515.9,2520.3,84.872,64.8539986
2011-08-12,4.109,5.788,176.936,154.9982,311.592,2886.6180000000004,8879.3,21793.0,2390.2,2329.8,77.4079986,57.145999999999994
2011-08-19,4.298399999999999,6.0600000000000005,176.96999999999997,158.5142,318.65999999999997,2937.754,8807.7,21542.0,2342.5,2352.4,81.1660004,59.532000000000004
2011-08-26,4.1128,5.752,178.39800000000002,159.8738,321.394,2948.892,8900.0,21033.0,2326.4,2367.8,80.228,57.5459992
2011-09-02,4.4266,6.040000000000001,179.67800000000003,162.941,327.562,3019.656,9119.125,21801.25,2391.25,2534.5,84.04799940000001,60.3679992
2011-09-09,4.4643999999999995,6.122000000000001,180.58,161.71025,325.09000000000003,2985.5775,8954.1,21167.0,2354.8,2435.7,80.2249985,57.9574995
2011-09-16,4.4596,5.959999999999999,177.952,159.073,319.79,2918.25,8722.7,21332.0,2337.6,2414.1,77.93600020000001,56.931999999999995
2011-09-23,4.059799999999999,5.584,175.704,150.8512,303.26000000000005,2745.7560000000003,8022.8,20065.0,2255.1,2225.6,71.79199820000001,50.7259996
2011-09-30,3.2658,4.58,170.56799999999998,143.5462,288.576,2523.122,7255.4,18492.0,2197.6,2022.1,68.564,46.7279998
2011-10-07,3.0888,4.4399999999999995,169.198,140.731,282.918,2491.5440000000003,6957.2,18471.0,2146.4,1959.6,68.8220002,45.6719994
2011-10-14,3.5111999999999997,4.8839999999999995,162.934,146.01280000000003,293.538,2578.906,7355.4,18796.0,2184.5,1989.2,75.8240004,52.0919988
2011-10-21,3.364,4.566,148.984,145.4732,292.45200000000006,2498.056,7224.2,18621.0,2154.1,1883.8,74.247998,49.6619988
2011-10-28,3.5216000000000003,4.7620000000000005,128.44599999999997,149.098,299.73999999999995,2636.032,7742.6,19590.0,2200.9,1955.3,80.13800039999998,55.2360006
2011-11-04,3.5534,4.8725000000000005,121.076,148.6542,298.85,2631.77,7849.5,18733.0,2127.3,1994.2,77.8199998,54.3620002
2011-11-11,3.582,4.901999999999999,131.17,149.2286,300.00600000000003,2625.006,7635.0,18332.0,2109.5,1961.7,77.6740006,55.571999399999996
2011-11-18,3.5296000000000007,4.868,143.682,147.17340000000002,296.07800000000003,2598.888,7607.9,17853.0,2105.9,1985.3,74.01600039999998,53.22600000000001
2011-11-25,3.3332,4.69,142.18200000000002,142.89625,287.275,2504.0200000000004,7268.6,17370.0,2023.4,1978.3,68.11000075,47.459998999999996
2011-12-02,3.5060000000000002,4.71,134.698,145.1546,291.8179999999999,2577.81,7585.1,17133.0,2043.6,2030.6,72.7600006,50.996
2011-12-09,3.5956,4.822,139.696,144.48399999999998,290.47,2596.768,7804.2,18125.0,2087.2,2090.4,75.3700012,51.868000200000004
2011-12-16,3.478,4.646000000000001,136.12199999999999,138.4424,278.326,2452.91,7430.3,18082.0,2001.9,2028.4,70.3000016,47.764001
2011-12-23,3.3868,4.45,134.23399999999998,139.8992,281.256,2439.6259999999997,7411.9,18592.0,1965.7,1949.1,70.2000018,48.535999
2011-12-30,3.3280000000000003,4.293333333333333,137.13400000000001,140.87075,283.2075,2420.1575000000003,7476.0,18200.0,1972.3333333333333,1958.5,70.174999,48.50249974999999
2012-01-06,3.48575,4.495,139.08599999999998,143.3845,288.2625,2474.4625,7574.75,18601.25,2020.375,2007.125,73.84499925,51.90750125
2012-01-13,3.6704,4.626,141.468,142.5162,286.52000000000004,2534.932,7749.0,19369.0,2120.3,1982.8,74.786,53.390000199999996
2012-01-20,3.9577999999999998,4.944,140.154,141.36450000000002,284.205,2639.7324999999996,8188.6,19609.0,2166.5,2077.8,77.81750124999999,57.11499975
2012-01-27,3.9244,4.96,139.18200000000002,145.1986,291.916,2742.6760000000004,8408.2,20889.0,2208.7,2231.0,79.53200079999999,59.23000040000001
2012-02-03,4.0542,5.0280000000000005,141.92199999999997,144.7058,290.92600000000004,2754.38,8379.0,21015.0,2209.5,2206.0,80.476001,61.469999800000004
2012-02-10,4.2863999999999995,5.336,144.04,145.8418,293.21400000000006,2770.4339999999997,8499.2,21327.0,2207.2,2158.5,80.1960006,61.064
2012-02-17,4.4078,5.4479999999999995,139.108,145.175,291.87600000000003,2690.42,8378.4,20205.0,2157.9,2053.2,76.8580004,58.4840006
2012-02-24,4.339799999999999,5.47,137.654,148.4875,298.5425,2730.1,8359.8,19919.0,2200.0,2084.5,77.772501,58.067500249999995
2012-03-02,4.3936,5.518,142.532,148.41199999999998,298.392,2791.62,8564.8,19818.0,2292.2,2183.4,77.392,57.733999600000004
2012-03-09,4.3944,5.5280000000000005,143.30599999999998,144.73399999999998,291.002,2692.452,8375.8,18905.0,2194.8,2081.7,73.4740004,53.883999800000005
2012-03-16,4.6240000000000006,5.85,145.10399999999998,145.46,292.46999999999997,2711.454,8502.1,19199.0,2193.7,2103.6,74.2600006,55.445999799999996
2012-03-23,4.7052000000000005,6.008,144.55,144.43400000000003,290.41,2653.734,8440.6,18636.0,2176.5,2031.7,72.59400020000001,54.652001399999996
2012-03-30,4.529999999999999,5.8839999999999995,146.85,142.508,286.54799999999994,2632.934,8463.5,17755.0,2122.8,1995.3,71.7300004,54.1300002
2012-04-06,4.58425,5.9425,147.49200000000002,142.308,286.47749999999996,2627.16,8468.125,18001.25,2071.5,2015.0,71.39249975,55.46000025
2012-04-13,4.49925,5.77,148.73200000000003,140.196,281.908,2592.36,8180.375,18133.75,2050.625,2052.75,70.101999,54.12800080000001
2012-04-20,4.6108,5.914,148.406,137.91799999999998,277.332,2568.8239999999996,8081.1,17755.0,2029.4,2056.2,72.37800000000001,56.329999799999996
2012-04-27,4.4348,5.76,146.76799999999997,139.00799999999998,279.53,2581.142,8280.8,17780.0,2038.1,2098.0,73.08800040000001,55.9479996
2012-05-04,4.351500000000001,5.62,146.318,139.51,280.538,2593.1140000000005,8414.5,17508.0,2057.0,2126.9,73.9920012,54.9779992
2012-05-11,4.0676000000000005,5.352,141.94,136.05,273.59000000000003,2516.0340000000006,8149.625,17148.75,2002.125,2057.375,69.94800120000001,50.93399960000001
2012-05-18,3.7845,4.97,134.89000000000001,134.474,270.422,2434.118,7809.5,16986.0,1991.9,1979.2,64.737999,45.9199998
2012-05-25,3.522,4.576,131.726,133.506,268.48,2420.1279999999997,7712.4,16916.0,1984.8,1934.3,63.1600004,44.955999799999994
2012-06-01,3.5854999999999997,4.692,134.204,129.67,259.3,2393.32,7570.3,16531.0,1965.6,1916.2,62.039998999999995,43.852501000000004
2012-06-08,3.505,4.544,133.62599999999998,128.54000000000002,258.502,2395.342,7397.166666666667,16281.666666666666,1943.5,1902.5,62.551999,44.261999599999996
2012-06-15,3.6372,4.675000000000001,135.16,128.3,258.02,2404.176,7415.0,16874.0,1926.5,1894.2,63.583999600000006,44.8740004
2012-06-22,3.8397999999999994,4.886,137.458,129.618,260.67999999999995,2365.8700000000003,7456.5,16678.0,1861.1,1862.3,65.20999959999999,47.1319992
2012-06-29,3.8802,4.872,136.73,131.94,265.358,2318.3900000000003,7413.8,16323.0,1821.0,1773.9,62.46400080000001,45.7559998
2012-07-06,3.9874,4.918,135.74200000000002,137.526,277.53249999999997,2386.0924999999997,7696.3,16811.0,1902.1,1881.4,65.8199995,48.6025
2012-07-13,3.8768000000000002,4.748,135.76399999999998,138.932,279.428,2350.096,7560.3,16117.0,1867.2,1853.7,63.143999400000006,46.6120002
2012-07-20,3.6974000000000005,4.502,129.426,143.708,289.042,2364.028,7658.6,16016.0,1884.5,1886.4,63.7440012,46.1
2012-07-27,3.404,4.07,120.37199999999999,142.924,287.466,2325.4080000000004,7457.9,15752.0,1849.6,1863.5,64.1259984,44.18799979999999
2012-08-03,3.5174,4.183999999999999,118.73799999999999,143.36599999999999,288.358,2332.192,7462.9,15722.0,1837.1,1894.5,66.659999,46.366000400000004
2012-08-10,3.743,4.43,117.612,143.72200000000004,289.082,2350.13,7483.7,15454.0,1853.3,1889.2,69.0120024,49.722
2012-08-17,3.6036,4.28,113.34200000000001,142.318,286.26800000000003,2318.848,7420.3,15346.0,1808.9,1850.2,68.93599999999999,48.743999200000005
2012-08-24,3.4159999999999995,4.106,105.31400000000001,145.476,292.61400000000003,2403.004,7556.5,15856.0,1836.4,1910.5,69.24000099999999,47.0279996
2012-08-31,3.0484,3.7359999999999998,93.07,145.07999999999998,291.83,2430.782,7579.5,16150.0,1868.25,1960.0,66.8940018,44.246000800000004
2012-09-07,2.6814,3.274,89.416,146.3,294.4325,2501.5225,7682.2,16060.0,1937.3,2014.0,65.3499995,45.177499499999996
2012-09-14,2.6474,3.274,100.196,149.704,301.144,2624.7699999999995,8133.7,16836.0,2084.7,2139.1,69.4279998,50.3740006
2012-09-21,2.7647999999999997,3.478,109.56800000000001,147.422,296.562,2735.0919999999996,8264.8,17828.0,2125.7,2251.0,70.72400060000001,50.9799994
2012-09-28,2.8134,3.528,106.43200000000002,146.84,295.392,2659.2879999999996,8192.8,18138.0,2067.8,2273.0,68.4839982,47.185999200000005
2012-10-05,2.77475,3.528,106.46,148.42999999999998,298.59799999999996,2693.3779999999997,8286.3,18633.0,2083.6,2284.1,68.343999,47.3060004
2012-10-12,2.9745999999999997,3.8200000000000003,117.37600000000002,147.522,296.77599999999995,2622.1359999999995,8166.3,17695.0,2009.4,2217.2,68.2380004,48.532
2012-10-19,3.1362,4.01,116.138,146.36399999999998,294.45799999999997,2562.362,8143.0,17036.0,1952.3,2136.1,70.33999939999998,50.6099998
2012-10-26,3.2664,4.16,119.90799999999999,143.92199999999997,289.544,2478.6340000000005,7864.4,16344.0,1912.4,2033.8,70.86200099999999,50.314
2012-11-02,3.2119999999999997,4.042,121.01399999999998,142.302,286.058,2463.4639999999995,7775.1,16113.0,1897.2,2088.2,71.13666533333334,50.803333333333335
2012-11-09,3.2352,4.0,121.97,141.206,284.092,2477.418,7613.1,15935.0,1891.7,2170.5,71.8319992,49.9619994
2012-11-16,3.2030000000000003,3.976,122.896,140.89600000000002,283.48,2506.5699999999997,7609.3,15944.0,1938.6,2179.9,69.60200019999999,47.9619994
2012-11-23,3.0751999999999997,3.848,120.63,143.138,288.00750000000005,2530.9125000000004,7699.7,16424.0,1930.6,2168.9,70.20249949999999,48.074999749999996
2012-11-30,3.0564,3.844,118.122,143.38000000000002,288.486,2579.0020000000004,7817.1,16914.0,2019.4,2216.2,71.5280012,48.4139998
2012-12-07,2.9621999999999997,3.742,119.56800000000001,142.532,286.786,2602.694,7994.9,17353.0,2095.9,2221.8,72.3000002,51.232000799999994
2012-12-14,3.3620000000000005,4.22,126.47999999999999,140.57199999999997,282.848,2640.082,8066.3,17566.0,2124.3,2279.2,75.21999980000001,53.6540002
2012-12-21,3.5494,4.522,135.324,139.702,281.102,2590.0,7909.3,17540.0,2077.0,2292.3,77.4079988,57.136
2012-12-28,3.5375,4.506666666666667,139.22250000000003,138.9975,279.6925,2564.755,7840.5,17115.0,2040.0,2309.3333333333335,76.77999875,56.9850005
2013-01-04,3.8763333333333336,4.8675,148.672,138.848,279.2825,2606.185,8041.625,17343.75,2074.5,2370.125,79.19499975,58.69249925
2013-01-11,3.7994,4.79,156.518,138.036,277.758,2590.964,8058.6,17333.0,2049.0,2312.9,78.5040008,56.95600079999999
2013-01-18,3.5608000000000004,4.568,147.214,140.378,282.47200000000004,2602.748,7973.7,17370.0,2016.2,2281.4,76.7520006,55.507999399999996
2013-01-25,3.5906,4.604,148.20999999999998,141.33599999999998,284.33000000000004,2630.2625,8060.0,17361.0,2025.4,2350.5,77.7124975,55.90750025
2013-02-01,3.5987999999999998,4.7225,151.15200000000002,142.07800000000003,285.65,2648.31,8106.2,17999.0,2036.1,2409.5,78.3539992,56.3279998
2013-02-08,3.6501999999999994,4.828000000000001,155.43,142.02000000000004,285.79200000000003,2676.1099999999997,8219.1,18419.0,2069.2,2426.2,77.794,57.15400100000001
2013-02-15,3.9308,5.156000000000001,155.89,140.01399999999998,281.76000000000005,2659.54,8203.4,18271.0,2092.2,2402.5,78.6580002,57.8120002
2013-02-22,3.8006,4.9719999999999995,158.214,138.074,277.295,2558.6775,7965.5,17248.0,2059.7,2353.9,77.06499875,54.98749925
2013-03-01,3.5932000000000004,4.642,151.808,136.62600000000003,274.944,2513.634,7786.0,16606.0,1964.3,2281.0,74.6640016,53.122
2013-03-08,3.4263999999999997,4.406000000000001,147.91,136.38799999999998,274.47999999999996,2475.2760000000003,7714.3,16539.0,1927.1,2201.2,73.8119996,51.3379996
2013-03-15,3.2712000000000003,4.1739999999999995,139.858,137.81199999999998,277.356,2488.052,7762.7,16955.0,1932.4,2218.8,73.2979996,50.5940004
2013-03-22,3.0742000000000003,3.8619999999999997,134.31,137.81,277.352,2453.256,7573.4,16714.0,1902.3,2167.0,70.28599999999999,47.708001
2013-03-29,3.1220000000000003,3.9025,137.142,138.116,278.2975,2439.0575,7596.375,16772.5,1884.5,2128.625,69.12000075,47.117501250000004
2013-04-05,2.9455,3.6475,136.926,134.70600000000002,271.11400000000003,2383.05,7388.125,16137.5,1846.5,2049.375,67.4179994,45.9559998
2013-04-12,3.0766,3.872,141.002,134.738,271.184,2383.6940000000004,7502.0,16052.0,1859.7,2056.7,69.7919998,47.726000000000006
2013-04-19,2.8898,3.686,139.602,130.89399999999998,263.454,2253.56,7068.8,15431.0,1853.2,2007.9,64.7520004,44.4739996
2013-04-26,2.862,3.6925,136.21800000000002,131.23999999999998,264.144,2261.7760000000003,6942.3,15177.0,1868.7,2015.0,65.5819992,45.38599919999999
2013-05-03,2.67525,3.444,131.828,132.812,267.31399999999996,2254.112,7004.0,15028.0,1822.5,1991.8,66.7779982,45.8300004
2013-05-10,2.9296,3.804,131.634,132.596,266.888,2284.5420000000004,7317.0,15266.25,1860.125,2016.125,69.21999960000001,47.5180008
2013-05-17,2.7742000000000004,3.6239999999999997,127.146,131.60399999999998,264.88599999999997,2243.2679999999996,7213.3,14959.0,1819.3,1975.1,67.67599940000001,44.736
2013-05-24,2.6458,3.5460000000000003,124.21200000000002,132.348,266.38800000000003,2247.7400000000002,7333.1,14912.0,1824.8,2035.4,67.96799920000001,44.4339998
2013-05-31,2.5286,3.41,115.75,131.5525,264.79,2263.34,7236.25,14723.75,1840.375,2139.5,66.200001,43.420001000000006
2013-06-07,2.4526000000000003,3.412,115.17999999999999,131.836,265.36,2302.004,7336.5,15079.0,1918.2,2213.8,65.3059982,43.5959996
2013-06-14,2.3378,3.295,112.532,130.222,262.112,2225.8979999999997,7068.9,14399.0,1840.8,2115.4,62.890000199999996,42.703999800000005
2013-06-21,2.2528,3.22,119.04399999999998,129.792,261.258,2161.168,6909.7,13929.0,1774.7,2056.7,60.785999200000006,42.9219994
2013-06-28,2.1182000000000003,3.0100000000000002,115.708,125.674,252.962,2079.626,6701.1,13675.0,1731.4,2029.4,57.907999399999994,41.0499998
2013-07-05,2.219,3.164,121.46400000000001,125.92750000000001,253.47750000000002,2110.69,6912.1,13754.0,1766.3,2061.6,57.14750125,40.64999975
2013-07-12,2.3752,3.396,124.51200000000001,127.91,257.47400000000005,2116.0559999999996,6836.5,13436.0,1765.8,2050.0,59.1659996,41.3659996
2013-07-19,2.5256,3.628,130.526,129.0,259.668,2129.852,6905.5,13718.0,1762.5,2036.8,62.5379996,43.9499992
2013-07-26,2.5548,3.6660000000000004,132.832,128.488,258.63800000000003,2159.966,6970.1,14006.0,1789.8,2049.8,64.04799940000001,45.303999399999995
2013-08-02,2.5086000000000004,3.6979999999999995,130.81,125.90799999999999,253.44799999999995,2138.978,6887.1,13646.0,1756.0,2064.0,63.3720012,45.4620002
2013-08-09,2.5946000000000002,3.8680000000000008,133.652,124.724,251.06799999999998,2169.3740000000003,7035.3,13984.0,1768.6,2118.4,64.7019996,47.1100006
2013-08-16,2.8772,4.2299999999999995,141.964,128.288,258.238,2263.734,7272.6,14716.0,1845.2,2188.3,67.7020004,49.3360002
2013-08-23,2.7922000000000002,4.18,139.224,129.58800000000002,260.864,2283.516,7285.6,14490.0,1853.3,2222.4,65.0400008,47.3639998
2013-08-30,2.8814,4.336,140.892,131.63000000000002,264.974,2276.308,7210.5,14097.5,1807.0,2198.875,63.2040004,45.9860002
2013-09-06,3.0318,4.45,138.37600000000003,130.584,262.9475,2230.71,7151.6,13702.0,1763.2,2139.7,65.01500125000001,48.06750125000001
2013-09-13,3.1700000000000004,4.596,136.36599999999999,129.658,261.01,2202.568,7119.7,13699.0,1755.4,2105.1,66.96999980000001,50.2660006
2013-09-20,3.162,4.561999999999999,132.22799999999998,128.82399999999998,259.336,2188.86,7158.7,13921.0,1752.3,2056.6,68.0860002,50.482000000000006
2013-09-27,3.308,4.804,133.88000000000002,127.542,256.75,2191.906,7189.9,13780.0,1762.2,2054.9,67.3820024,49.6780002
2013-10-04,3.2556,4.768,131.41,126.958,255.57200000000003,2184.514,7205.8,13685.0,1787.5,2047.5,66.4679992,48.66200020000001
2013-10-11,3.3246,4.826,132.35200000000003,127.99599999999998,257.666,2190.996,7156.2,13777.0,1819.4,2054.4,65.93999939999999,48.2620004
2013-10-18,3.6369999999999996,5.234,134.428,128.244,258.168,2197.772,7192.7,13957.0,1803.7,2121.0,68.5299988,51.2340004
2013-10-25,3.6897999999999995,5.344,133.424,127.60800000000002,256.9,2234.268,7194.4,14464.0,1813.6,2157.9,71.59799939999999,52.317999
2013-11-01,3.6201999999999996,5.282,132.51999999999998,125.828,253.30599999999998,2238.262,7228.3,14526.0,1836.4,2181.1,71.3239988,51.2599998
2013-11-08,3.9012000000000002,5.57,136.406,122.98800000000001,247.594,2189.968,7152.6,14138.0,1776.2,2129.3,71.9960008,53.045999800000004
2013-11-15,3.9183999999999997,5.696,136.72,123.18199999999999,247.99,2150.596,7037.4,13672.0,1748.0,2084.7,70.7039994,52.080000399999996
2013-11-22,3.9859999999999998,5.818,136.722,122.79,247.202,2125.2679999999996,6996.8,13529.0,1738.6,2070.5,70.1080016,52.2579994
2013-11-29,3.8088,5.708,136.73,123.80799999999999,249.39000000000001,2109.0625,7041.0,13407.0,1720.4,2060.1,68.3775005,51.33
2013-12-06,3.71,5.608,138.334,124.75,251.16,2098.022,7024.5,13558.0,1710.6,2052.8,66.93200240000002,53.06400000000001
2013-12-13,3.59,5.534,138.648,126.4,254.488,2139.78,7184.9,13936.0,1758.1,2106.5,65.4239992,52.617999999999995
2013-12-20,3.5875999999999997,5.59,133.298,126.546,254.776,2138.9,7264.9,14060.0,1743.0,2147.9,64.7319986,53.364
2013-12-27,3.682,5.72,132.69199999999998,127.478,256.66,2150.235,7302.0,14178.333333333334,1727.1666666666667,2226.0,66.88999975,54.77499975
2014-01-03,3.7613333333333334,5.855,134.545,125.79999999999998,253.285,2158.605,7389.125,13940.0,1757.375,2206.5,67.60999875,55.782500500000005
2014-01-10,3.5462000000000002,5.42,132.584,123.91600000000001,249.49,2142.034,7320.2,13508.0,1723.2,2122.0,65.98600160000001,52.366000400000004
2014-01-17,3.4696,5.366,130.318,124.90799999999999,251.49,2174.2940000000003,7336.5,14320.0,1734.8,2165.1,65.8279998,53.3320008
2014-01-24,3.4594,5.380000000000001,124.854,125.77000000000001,253.54250000000002,2164.625,7304.8,14567.0,1743.1,2169.3,65.0200015,52.8925
2014-01-31,3.3532,5.2524999999999995,123.5975,126.38600000000001,254.47799999999998,2117.584,7181.0,13999.0,1696.6,2122.7,63.868000800000004,53.11600060000001
2014-02-07,3.4840000000000004,5.358,122.45,127.874,257.47400000000005,2105.0,7121.5,13891.0,1659.1,2093.4,64.1140008,53.839999399999996
2014-02-14,3.6765999999999996,5.652,121.564,129.368,260.47799999999995,2146.92,7163.5,14225.0,1685.3,2105.6,67.232001,57.5540002
2014-02-21,3.8438000000000003,5.906000000000001,123.494,132.85,268.6,2197.715,7206.3,14379.0,1714.4,2135.2,70.3199995,59.80749975
2014-02-28,3.6996,5.6899999999999995,118.114,133.728,269.27,2191.124,7117.3,14283.0,1716.6,2107.7,69.5280002,57.4219992
2014-03-07,3.4654000000000003,5.362,115.704,135.974,273.79799999999994,2196.888,7031.0,15086.0,1712.9,2099.3,67.7800002,55.109999800000004
2014-03-14,3.1822000000000004,4.964,107.828,135.012,271.86,2160.598,6583.9,15595.0,1715.7,2033.2,64.3800004,52.151999599999996
2014-03-21,3.1824,4.932,109.875,133.994,269.81399999999996,2143.17,6488.3,15991.0,1679.5,2041.0,64.7520004,52.368000200000004
2014-03-28,3.4540000000000006,5.238,111.992,133.906,269.64199999999994,2114.8424999999997,6574.5,15952.0,1700.5,2055.0,66.47799979999999,54.1740006
2014-04-04,3.5698,5.372,116.53,134.128,270.08399999999995,2131.29,6652.8,16061.0,1768.7,2033.0,69.246001,55.786
2014-04-11,3.6612,5.458,118.44000000000001,136.1,274.066,2159.602,6643.3,16765.0,1812.8,2065.0,70.982001,56.426001199999995
2014-04-18,3.5845000000000002,5.3325,117.36000000000001,137.32200000000003,276.3425,2166.0975,6626.5,17720.0,1830.0,2099.125,70.87249975,55.77749925
2014-04-25,3.5437499999999997,5.303333333333334,112.69200000000001,137.62600000000003,277.134,2164.792,6697.5,18311.25,1836.625,2141.25,70.98599979999999,54.930000199999995
2014-05-02,3.318,4.986000000000001,107.43249999999999,137.448,276.776,2143.978,6729.1,18250.0,1764.5,2087.9,70.03600159999999,54.1000002
2014-05-09,3.1778,4.784,105.42999999999999,136.528,274.93199999999996,2141.54,6722.125,19133.75,1728.375,2079.5,70.0600006,54.475999200000004
2014-05-16,3.1866,4.706,102.64500000000001,135.996,273.864,2168.436,6938.0,20121.0,1744.1,2108.3,71.298001,56.1500008
2014-05-23,3.0124,4.4879999999999995,98.618,135.654,273.17199999999997,2166.75,6941.8,19632.0,1737.6,2111.1,69.4399994,54.089999399999996
2014-05-30,3.140333333333333,4.561999999999999,96.84200000000001,134.772,270.9275,2152.5125,7005.125,19306.25,1796.75,2099.125,69.2524985,53.11999975
2014-06-06,,4.52,93.632,133.572,268.982,2143.482,6845.7,18966.0,1812.2,2084.4,67.6899994,52.7440002
2014-06-13,,4.39,92.79400000000001,133.796,269.43,2151.4800000000005,6689.8,18309.0,1838.8,2088.3,67.4139984,52.43199979999999
2014-06-20,2.8202,4.092,90.82000000000001,135.41199999999998,272.692,2179.852,6738.6,18543.0,1825.6,2092.3,67.4819992,52.3820008
2014-06-27,3.0168,4.426,94.486,136.274,274.42600000000004,2229.5919999999996,6920.5,18448.0,1857.8,2143.1,68.56600019999999,53.196000600000005
2014-07-04,3.027,4.484,95.112,134.352,270.5375,2257.4075000000003,7060.0,19165.0,1866.6,2142.9,69.73249799999999,55.4325
2014-07-11,3.013666666666667,4.416,96.34200000000001,131.57200000000003,264.978,2269.92,7141.9,19235.0,1904.1,2169.7,70.3979996,55.722000200000004
2014-07-18,3.0175,4.476,97.78999999999999,129.738,261.27,2259.064,7085.2,19051.0,1947.9,2175.5,71.89799959999999,56.467999999999996
2014-07-25,3.201,4.590000000000001,94.74600000000001,129.138,260.064,2273.3959999999997,7089.9,18970.0,2008.3,2210.5,73.0500016,57.715999599999996
2014-08-01,3.3209999999999997,4.8340000000000005,95.94749999999999,128.28400000000002,258.346,2263.486,7110.3,18610.0,1985.0,2237.1,72.201999,57.935999800000005
2014-08-08,3.1973333333333334,4.682,95.494,127.68400000000001,257.14,2251.97,7040.0,18524.0,1999.3,2236.9,71.22799979999999,57.157999600000004
2014-08-15,3.118,4.531999999999999,94.2,126.43800000000002,254.632,2240.19,6940.1,18593.0,2016.6,2227.8,71.512001,57.952000399999996
2014-08-22,3.18,4.518000000000001,92.174,125.258,252.26,2233.844,6971.5,18621.0,2034.8,2238.0,70.81799939999999,57.133999800000005
2014-08-29,,4.248,88.53999999999999,126.042,253.834,2240.2479999999996,7043.75,18636.25,2096.625,2255.375,69.0139982,55.09200020000001
2014-09-05,2.8755,4.031999999999999,86.064,124.9975,251.7375,2224.335,6959.8,18931.0,2080.7,2221.4,67.2424985,53.295
2014-09-12,,3.9560000000000004,82.944,122.65799999999999,247.022,2179.564,6912.0,18891.0,2029.9,2135.8,65.61400160000001,52.232000199999995
2014-09-19,2.709,3.934,83.84,121.126,243.93800000000002,2143.902,6898.5,17944.0,1958.8,2086.4,64.3020004,52.8040008
2014-09-26,2.502,3.6119999999999997,79.4,119.00399999999999,239.66800000000003,2099.678,6773.2,17180.0,1927.7,2066.3,60.9500008,50.7879996
2014-10-03,2.37,3.47,78.822,118.782,239.22000000000003,2068.7079999999996,6717.0,16238.0,1900.0,2073.8,58.4699998,48.668
2014-10-10,2.175,3.35,79.93,119.056,239.772,2077.3059999999996,6729.3,16575.0,1904.0,2082.8,57.288,49.4740006
2014-10-17,2.361,3.522,82.336,117.89000000000001,237.41800000000003,2073.6419999999994,6724.5,15905.0,1905.5,2024.4,58.3740006,50.0580002
2014-10-24,2.4065,3.534,81.05000000000001,116.91000000000001,235.452,2074.59,6696.7,15143.0,1968.3,2013.2,59.2060006,49.746
2014-10-31,2.363,3.418,79.44800000000001,117.872,237.38999999999996,2073.7419999999997,6827.1,15286.0,2007.7,2009.0,59.096000000000004,48.194001
2014-11-07,2.2190000000000003,3.2439999999999998,76.86399999999999,117.03400000000002,235.706,2031.1719999999998,6710.8,15246.0,2054.8,1991.7,58.780000400000006,47.6520006
2014-11-14,1.997,3.0439999999999996,75.864,116.848,235.32799999999997,2032.4279999999999,6725.3,15307.0,2041.3,2025.7,58.4880004,47.8299996
2014-11-21,1.9969999999999999,2.8440000000000003,71.672,117.47999999999999,236.6,2052.138,6725.8,15945.0,2036.9,2028.5,56.814,46.8899992
2014-11-28,1.9575,2.876,69.958,116.34,234.3025,2054.1175000000003,6642.6,16327.0,2082.7,2049.0,54.56750025,47.01499925
2014-12-05,1.86,2.67,70.80999999999999,112.774,227.128,2046.5020000000004,6463.6,16462.0,1996.0,2023.3,51.1420004,46.2520004
2014-12-12,1.689,2.532,69.272,110.998,223.55599999999998,2052.5,6468.1,16344.0,1941.7,1997.5,47.7179992,43.6639992
2014-12-19,1.692,2.4539999999999997,68.656,108.814,219.156,1991.47,6410.4,15815.0,1886.3,1898.2,46.356000599999994,43.3060006
2014-12-26,,2.5933333333333333,67.255,106.82000000000001,215.1375,1964.7625,6383.5,15428.333333333334,1854.6666666666667,1858.0,47.30249975,45.074999500000004
2015-01-02,1.865,2.7625,70.595,105.1,211.68,1965.555,6332.5,14945.0,1828.875,1833.5,47.72000025,46.03500075
2015-01-09,1.8638,2.76,71.172,103.748,208.956,1970.248,6191.7,15218.0,1780.4,1832.6,46.2020002,45.197999599999996
2015-01-16,1.6748,2.432,68.916,102.114,205.664,1967.7959999999998,5810.4,14583.0,1778.8,1782.8,45.267999999999994,43.7400002
2015-01-23,1.5754,2.246,67.45400000000001,101.6925,204.8175,2020.8899999999999,5677.0,14567.0,1836.8,1855.5,46.2575005,44.1275015
2015-01-30,1.4874,2.1774999999999998,63.122,100.38399999999999,202.18599999999998,1988.4540000000002,5485.6,14694.0,1834.9,1842.6,45.852000600000004,43.8239996
2015-02-06,1.6554000000000002,2.4619999999999997,62.467999999999996,102.41600000000001,206.27799999999996,1987.1979999999999,5645.1,15031.0,1861.0,1845.0,48.798001,46.4920006
2015-02-13,1.6944,2.496,62.24400000000001,102.958,207.372,1956.468,5665.7,14794.0,1831.8,1830.4,49.1039994,47.0220002
2015-02-20,1.6948,2.536,63.913333333333334,103.522,208.50799999999998,1919.72,5698.9,14129.0,1802.1,1789.7,50.750001,49.567499250000004
2015-02-27,1.6753999999999998,2.466,63.064,102.40599999999999,206.25799999999998,1921.6799999999998,5798.6,14184.0,1788.2,1753.6,51.758,49.1579994
2015-03-06,1.6096,2.32,61.245999999999995,101.702,204.83800000000002,1913.598,5863.1,13891.0,1788.1,1759.3,51.2379996,46.5080002
2015-03-13,1.4298,2.005,57.99399999999999,99.088,199.57399999999998,1875.6879999999996,5819.0,14028.0,1750.0,1807.8,46.594000400000006,42.828
2015-03-20,1.3688000000000002,1.967,56.198,98.004,197.392,1665.628,5813.1,13705.0,1769.6,1730.1,46.6520002,42.732
2015-03-27,1.4304,2.03,54.996,100.172,201.76,1943.896,6146.4,13756.0,1778.6,1831.9,48.4399992,43.0260002
2015-04-03,1.3277500000000002,1.9,50.162499999999994,99.34200000000001,200.08800000000002,1925.8174999999999,6045.375,12691.25,1775.375,1827.25,46.322501,41.5175
2015-04-10,1.3165,1.8599999999999999,47.812,99.96399999999998,201.35,1938.03,6050.25,12606.25,1776.625,1936.0,46.323999799999996,42.0580002
2015-04-17,1.3176,1.8579999999999999,50.128,100.86,203.15200000000002,1936.5739999999998,5996.7,12583.0,1813.3,2001.3,45.7780002,42.168
2015-04-24,1.403,1.9929999999999999,53.855999999999995,101.15,203.738,1926.23,5972.9,12634.0,1827.6,2034.8,48.25,43.6579992
2015-05-01,1.694,2.3659999999999997,58.07,102.80799999999999,207.07600000000002,1986.5880000000002,6172.3,13529.0,1882.9,2105.1,51.77799980000001,45.4260002
2015-05-08,1.7503999999999997,2.5140000000000002,59.779999999999994,104.03800000000001,209.55800000000005,2005.896,6411.0,14140.0,1890.125,2101.125,51.333999600000006,45.819999800000005
2015-05-15,1.7352,2.45,62.418000000000006,104.774,211.038,2003.7459999999999,6396.4,13986.0,1845.2,2007.8,51.615999599999995,46.5240006
2015-05-22,1.5062,2.162,58.834,103.41599999999998,208.308,1967.916,6259.7,13126.0,1751.3,1942.0,46.496,44.87400039999999
2015-05-29,1.6024,2.356,62.248000000000005,100.87599999999999,203.19,1924.2075,6106.25,12700.0,1708.75,1945.125,44.895000499999995,44.1599995
2015-06-05,1.5714000000000001,2.3579999999999997,63.8925,100.884,203.20199999999997,1905.3020000000001,5967.9,12819.0,1702.1,1913.6,43.8899992,43.8859992
2015-06-12,1.6032,2.415,64.94800000000001,101.50999999999999,204.476,1890.03,5948.8,13346.0,1709.7,1898.8,43.079999599999994,43.555999799999995
2015-06-19,1.5213999999999999,2.254,62.36,100.35,202.13,1856.938,5737.1,12764.0,1665.6,1795.4,43.5319998,43.3459998
2015-06-26,1.4526,2.1380000000000003,61.61800000000001,100.654,202.744,1843.304,5716.5,12623.0,1672.1,1773.0,43.7979996,43.332
2015-07-03,1.2846,1.8800000000000001,58.146,101.748,204.954,1829.1125,5753.2,11882.0,1666.5,1754.1,41.055000500000006,41.255000249999995
2015-07-10,1.138,1.7550000000000001,49.112,98.58399999999999,198.57800000000003,1789.4720000000002,5504.6,11234.0,1642.1,1765.6,38.764000599999996,39.1399992
2015-07-17,1.1526,1.7510000000000001,50.3925,98.622,198.654,1799.5220000000002,5540.0,11484.0,1662.8,1826.9,39.8280006,40.561999199999995
2015-07-24,1.1338,1.7080000000000002,51.878,95.112,191.584,1741.014,5363.1,11441.0,1615.3,1761.3,37.9459998,38.9899994
2015-07-31,1.1724,1.818,54.148,92.5,186.322,1726.7720000000002,5238.5,11013.0,1606.2,1698.0,37.7079994,38.0120004
2015-08-07,1.225,1.861,56.025,90.678,182.656,1701.922,5172.8,10804.0,1564.1,1699.7,38.4400002,39.162
2015-08-14,1.2067999999999999,1.8510000000000002,56.572500000000005,91.076,183.46,1721.136,5139.4,10623.0,1545.3,1719.2,38.258001,39.597999599999994
2015-08-21,1.2256,1.925,56.386,88.932,179.15,1709.036,5042.9,10339.0,1529.0,1697.5,36.108000000000004,37.062001200000005
2015-08-28,1.0612000000000001,1.7890000000000001,54.074,86.87,174.996,1675.614,5000.6,9603.0,1520.6,1655.2,34.3739998,35.2619992
2015-09-04,1.1228,1.862,56.5,89.302,179.89399999999998,1704.568,5147.75,9873.75,1588.875,1706.0,34.9160004,35.2120004
2015-09-11,1.2192,1.9989999999999999,57.865,88.82799999999999,178.942,1715.04,5314.8,10048.0,1606.3,1693.4,34.29249975,36.3775005
2015-09-18,1.2524000000000002,2.052,57.529999999999994,88.672,178.63400000000001,1707.5579999999998,5338.2,9903.0,1605.8,1682.8,34.7579994,36.7659996
2015-09-25,1.1338000000000001,1.857,56.4475,87.956,177.19199999999998,1688.086,5130.8,9746.0,1577.9,1673.7,32.6620008,34.104
2015-10-02,1.0714,1.782,55.681999999999995,87.566,176.41199999999998,1671.234,5065.4,10021.0,1554.3,1642.7,31.5960004,33.414
2015-10-09,1.2908,2.0859999999999994,54.28000000000001,90.10799999999999,181.524,1718.926,5207.9,10169.0,1563.9,1666.3,35.7399994,37.486000000000004
2015-10-16,1.4271999999999998,2.288,54.839999999999996,89.958,181.228,1766.31,5297.5,10489.0,1569.3,1789.2,36.5240004,38.786000200000004
2015-10-23,1.5388000000000002,2.444,52.564,88.22999999999999,177.74599999999998,1735.098,5236.7,10404.0,1498.8,1758.0,35.2000002,37.7379996
2015-10-30,1.443,2.286,50.39200000000001,87.104,175.478,1713.986,5185.6,10388.0,1448.8,1718.2,33.885999999999996,36.7759994
2015-11-06,1.3638,2.1420000000000003,48.942,86.426,174.112,1671.255,5101.0,9886.0,1471.8,1661.7,32.6019996,35.7240008
2015-11-13,1.4502,2.3,48.192499999999995,83.44,168.1,1614.7760000000003,4910.4,9456.0,1489.3,1612.9,29.0700002,34.640000199999996
2015-11-20,1.4027999999999998,2.176,46.004,81.786,164.772,1571.6640000000002,4686.8,9062.0,1459.1,1587.6,28.706,34.3760002
2015-11-27,1.38,2.102,44.238,81.856,164.918,1558.9025000000001,4577.3,8624.0,1447.1,1598.9,27.930000500000002,33.8325005
2015-12-04,1.3030000000000002,1.9460000000000002,41.424,81.24,163.682,1572.856,4593.1,8841.0,1461.9,1641.9,26.721999599999997,32.502000599999995
2015-12-11,1.164,1.8240000000000003,38.722,79.10000000000001,159.378,1576.868,4603.8,8686.0,1486.6,1693.3,24.766000000000002,29.470000199999998
2015-12-18,1.1564,1.812,39.426,77.334,155.83199999999997,1568.4199999999998,4601.8,8630.0,1484.4,1681.4,23.922000000000004,28.0379996
2015-12-25,1.1423333333333334,1.795,40.769999999999996,77.992,157.156,1598.055,4677.25,8662.5,1527.0,1730.25,25.23,28.86999975
2016-01-01,1.2089999999999999,1.86625,42.65,78.42600000000002,158.04000000000002,1597.8049999999998,4700.666666666667,8611.666666666666,1516.5,1784.3333333333333,25.97249975,29.220000250000002
2016-01-08,1.1476,1.7899999999999998,43.034,77.124,155.428,1574.7580000000003,4578.5,8467.0,1465.4,1689.1,23.7859996,26.994
2016-01-15,0.9917999999999999,1.5699999999999998,40.67,74.446,150.04,1539.0159999999998,4362.7,8296.0,1465.4,1610.2,20.857999799999998,24.2780002
2016-01-22,0.9321999999999999,1.5050000000000001,42.108000000000004,73.80199999999999,148.744,1554.3875000000003,4398.3,8595.0,1481.9,1627.7,20.48249975,23.4150005
2016-01-29,0.9628,1.5575,41.744,75.888,152.95999999999998,1593.426,4511.5,8574.0,1505.0,1660.8,21.562000200000004,24.085999599999997
2016-02-05,1.0754,1.718,44.548,75.76199999999999,152.714,1630.516,4614.4,8476.0,1524.3,1773.3,21.7839996,25.1939994
2016-02-12,1.0576,1.739,45.73,74.564,150.31,1671.3220000000001,4514.5,7925.0,1496.0,1820.6,22.012,25.6300002
2016-02-19,1.1726,1.907,47.01,75.41,152.01600000000002,1676.3275,4574.9,8255.0,1527.2,1773.8,23.81250025,27.25
2016-02-26,1.2992000000000001,2.07,50.559999999999995,75.624,152.47,1687.132,4656.2,8560.0,1577.8,1717.4,23.5139998,26.8460004
2016-03-04,1.476,2.27,51.702,76.748,154.742,1724.1680000000001,4791.8,8710.0,1600.0,1805.8,25.0,28.165999400000004
2016-03-11,1.861,2.788,60.08,79.29799999999999,159.892,1750.784,4955.5,8941.0,1573.5,1865.1,27.3,29.538000200000006
2016-03-18,1.7066,2.5900000000000003,55.11800000000001,79.97999999999999,161.274,1735.718,4998.2,8640.0,1507.4,1807.7,26.514000199999998,28.6019996
2016-03-25,1.7534999999999998,2.6725000000000003,57.855000000000004,80.195,161.72250000000003,1733.915,5035.25,8617.5,1479.125,1791.625,26.2374995,28.15999975
2016-04-01,1.6865,2.5549999999999997,54.720000000000006,78.898,159.0,1707.658,4903.75,8415.0,1491.625,1726.5,25.854000000000003,28.0620002
2016-04-08,1.657,2.592,54.57000000000001,77.65599999999999,156.62,1693.45,4747.2,8377.0,1495.8,1695.6,24.3479998,27.520000200000005
2016-04-15,2.023,3.0460000000000003,58.79600000000001,80.49000000000001,162.344,1739.264,4768.5,8779.0,1527.3,1708.4,27.7060002,30.858000000000004
2016-04-22,2.274,3.374,64.954,82.83000000000001,167.07,1790.994,4917.9,9159.0,1594.7,1756.1,31.491999599999996,33.857999199999995
2016-04-29,2.1536,3.2175000000000002,63.815999999999995,84.27799999999999,169.996,1815.782,4965.1,9190.0,1647.5,1756.4,30.988,33.004
2016-05-06,2.033,3.1919999999999997,60.51,83.55,168.536,1819.048,4872.0,9301.25,1610.125,1758.0,28.791999800000003,31.3739998
2016-05-13,1.864,2.9219999999999997,55.08200000000001,83.80999999999999,169.068,1768.3,4720.3,8701.0,1546.6,1749.2,26.819999799999998,28.890000199999996
2016-05-20,1.91175,3.026,55.052,85.162,171.802,1754.136,4620.3,8574.0,1536.4,1702.8,27.4579996,28.804000000000002
2016-05-27,1.8536000000000001,2.928,50.724000000000004,84.92,171.308,1718.0700000000002,4655.2,8348.0,1544.6,1661.0,27.556,28.825999799999998
2016-06-03,1.8914000000000002,2.994,49.416,86.27499999999999,174.0675,1724.1675,4647.25,8416.25,1548.5,1704.125,27.044999249999996,27.87000025
2016-06-10,2.0433999999999997,3.2299999999999995,52.266000000000005,89.03200000000001,179.644,1763.98,4587.1,8783.0,1572.1,1731.0,28.46,29.168
2016-06-17,2.0302,3.165,51.176,88.454,178.49399999999997,1783.468,4540.7,8907.0,1599.0,1695.1,26.9119998,28.2680002
2016-06-24,2.1683999999999997,3.336,51.34400000000001,88.27199999999999,178.13,1797.5199999999998,4653.9,9140.0,1616.7,1705.0,28.2699998,30.0819998
2016-07-01,2.3088,3.4979999999999998,54.278,88.55600000000001,178.70999999999998,1847.712,4772.0,9265.0,1617.7,1748.1,27.701999999999998,29.9579998
2016-07-08,2.5462,3.8400000000000007,55.664,86.7225,175.0225,1905.1875,4780.3,9922.0,1635.6,1824.3,28.375,30.815
2016-07-15,2.833,4.218,58.220000000000006,86.874,175.334,1930.074,4866.6,10284.0,1664.5,1861.8,30.6100002,32.9580002
2016-07-22,2.7356000000000003,4.058,56.334,85.40599999999999,172.378,1921.35,4917.4,10526.0,1618.3,1845.6,28.961999400000003,31.5800004
2016-07-29,2.857,4.326,58.727999999999994,83.68999999999998,168.93,1916.054,4873.3,10419.0,1597.9,1811.8,29.345999799999998,32.3879998
2016-08-05,2.9652000000000003,4.436,61.224000000000004,83.388,168.32999999999998,1941.702,4843.3,10634.0,1629.0,1807.8,29.9139996,32.7380004
2016-08-12,3.1284,4.608,60.4675,83.866,169.304,1930.5279999999998,4801.1,10711.0,1636.4,1810.2,31.227999599999997,32.349999600000004
2016-08-19,3.1011999999999995,4.644,60.956,85.962,173.546,1933.4719999999998,4775.2,10293.0,1669.0,1869.0,31.812,32.208001
2016-08-26,3.2714,4.89,61.05,85.36800000000001,172.366,1895.2379999999998,4674.2,10030.0,1642.6,1853.1,32.15199940000001,31.7200006
2016-09-02,3.2784,4.922,59.134,83.196,167.98200000000003,1884.266,4609.625,9768.75,1601.875,1902.25,30.910000000000004,30.8740002
2016-09-09,3.3564,5.004,58.556,84.1225,169.8675,1909.1124999999997,4621.8,10179.0,1571.6,1924.1,31.15250025,31.2075
2016-09-16,3.0818,4.712000000000001,56.0,83.21799999999999,168.052,1875.98,4673.9,9841.0,1554.9,1908.6,30.183999999999997,30.326
2016-09-23,3.3324,4.971,56.089999999999996,84.52799999999999,170.704,1912.5819999999999,4765.5,10320.0,1588.1,1941.9,31.748,31.736
2016-09-30,3.3474000000000004,4.958,56.484,84.85166666666667,171.37666666666667,1929.848,4805.0,10563.0,1645.6,1999.5,33.6800004,33.0480006
2016-10-07,3.3072500000000002,4.896,55.86,85.524,172.74200000000002,1884.0739999999998,4771.8,10139.0,1665.1,2071.4,35.04600000000001,33.344
2016-10-14,3.3674,5.004,57.08800000000001,86.242,174.19599999999997,1861.616,4763.9,10429.0,1680.2,2041.3,34.7879998,32.536000200000004
2016-10-21,3.4888,5.0920000000000005,58.54600000000001,86.392,174.516,1843.122,4650.0,10235.0,1632.0,1992.2,34.660000600000004,32.4539988
2016-10-28,3.7101999999999995,5.378,62.262,85.96600000000001,173.664,1875.4419999999998,4723.8,10206.0,1666.7,2049.7,35.090000200000006,34.0439996
2016-11-04,3.6394000000000006,5.348,65.09599999999999,84.102,169.91,1931.252,4884.4,10435.0,1721.7,2059.3,34.5,34.49400000000001
2016-11-11,3.9854,5.752,72.12800000000001,83.546,168.798,1964.4080000000001,5386.0,11393.0,1741.8,2119.9,37.1520004,37.522001
2016-11-18,4.1272,5.964,73.84200000000001,82.828,167.362,1925.6799999999998,5479.8,11163.0,1723.1,2158.2,36.2799996,37.8500008
2016-11-25,4.2278,6.112,75.53,85.10499999999999,171.97750000000002,1950.8474999999999,5674.9,11359.0,1751.1,2211.6,38.0550005,38.812498749999996
2016-12-02,4.2424,6.164,77.272,86.06200000000001,173.92799999999997,1958.092,5792.5,11256.0,1730.0,2380.6,37.8239996,38.6139998
2016-12-09,4.5194,6.504,80.80799999999999,87.912,177.68599999999998,1963.6240000000003,5854.6,11490.0,1729.6,2320.4,38.6760004,40.7080004
2016-12-16,4.4926,6.438,81.834,87.54,176.95,1944.22,5717.8,11285.0,1745.0,2321.2,37.8680002,40.076000199999996
2016-12-23,4.048399999999999,5.9399999999999995,78.864,86.35,174.564,1883.2939999999999,5490.6,10774.0,1729.5,2143.0,35.9359994,38.488000400000004
2016-12-30,4.005,5.95,79.85000000000001,87.6325,177.1775,1870.0375,5500.333333333333,10061.666666666666,1717.6666666666667,2015.1666666666667,35.97749975,38.6449995
2017-01-06,4.0842,6.035,77.58500000000001,87.035,175.98499999999999,1904.1775,5558.0,10148.75,1708.625,2032.625,37.167499250000006,38.969999249999994
2017-01-13,4.197,6.098000000000001,79.82000000000001,87.486,176.92,1961.614,5690.5,10244.0,1760.3,2155.9,38.8740004,41.0460008
2017-01-20,4.307,6.194,81.72999999999999,88.4675,178.92000000000002,1987.395,5753.1,10071.0,1817.8,2302.2,39.99749925,42.93249975
2017-01-27,4.5012,6.489999999999999,82.598,88.394,178.78399999999996,1994.2300000000002,5851.6,9623.0,1850.8,2374.9,41.186,45.136
2017-02-03,4.6394,6.632000000000001,83.05250000000001,87.9,177.81,2007.4920000000002,5889.6,9986.0,1813.4,2330.9,40.7279998,44.379999600000005
2017-02-10,4.617999999999999,6.5,83.576,88.4,178.83599999999998,2032.1359999999997,5837.6,10400.0,1826.0,2367.8,39.2959998,43.4579994
2017-02-17,4.947799999999999,6.934,91.084,88.574,179.206,2054.1220000000003,6045.2,10797.0,1875.0,2347.4,40.5820008,46.0920006
2017-02-24,4.9656,6.9,92.668,87.565,177.1925,2047.4424999999999,5976.8,10818.0,1877.7,2270.0,39.41000075,43.67249975
2017-03-03,4.7218,6.558,91.708,87.46799999999999,177.006,2053.538,5961.4,10914.0,1915.0,2267.3,38.465999599999996,41.8560006
2017-03-10,4.5,6.374,88.046,85.52,173.084,1988.9059999999997,5762.9,10493.0,1867.7,2233.6,36.8499992,40.0
2017-03-17,4.5918,6.482000000000001,90.45600000000002,84.558,171.166,1999.6860000000001,5838.2,10182.0,1878.4,2247.8,37.31600039999999,42.083999399999996
2017-03-24,4.502000000000001,6.422,87.098,84.76199999999999,171.598,2034.8940000000002,5788.3,9990.0,1913.3,2318.5,37.161999599999994,41.5999998
2017-03-31,4.3668,6.166,81.6,85.06800000000001,172.24599999999998,2051.3959999999997,5800.8,9835.0,1933.4,2314.2,36.4940004,40.746000800000004
2017-04-07,4.385,6.226,79.34400000000001,85.44800000000001,173.038,2042.15,5798.1,10054.0,1946.8,2292.8,36.910000000000004,40.7680002
2017-04-14,4.07975,5.8774999999999995,71.4525,86.02,174.22999999999996,2022.4175,5704.25,9888.75,1908.375,2257.0,37.32999975,40.132499
2017-04-21,3.6055,5.24,65.526,84.878,171.942,2008.33,5608.375,9443.75,1919.125,2158.875,35.8019998,39.0499992
2017-04-28,3.5707999999999998,5.302499999999999,66.888,83.854,169.892,2001.708,5663.4,9287.0,1942.6,2207.2,35.831999,39.976000400000004
2017-05-05,3.4135,5.106,66.08250000000001,83.336,168.87399999999997,1964.1860000000001,5614.125,9177.5,1910.375,2210.5,34.7420006,39.0500002
2017-05-12,3.230800000000001,4.901999999999999,60.665,82.73400000000001,167.68400000000003,1932.0940000000003,5514.9,9230.0,1878.0,2175.6,34.782000000000004,38.6440002
2017-05-19,3.2432000000000003,4.95,61.69200000000001,83.84,169.946,1960.316,5566.2,9135.0,1917.1,2091.5,35.964,40.305999799999995
2017-05-26,3.3543999999999996,5.114,60.772000000000006,84.42999999999999,171.174,1987.9059999999997,5667.2,9174.0,1943.4,2082.2,36.418,41.5720002
2017-06-02,3.1696,4.752,57.556000000000004,82.705,167.71499999999997,1985.8400000000001,5604.875,8845.0,1927.375,2083.0,35.43500025,40.76500025
2017-06-09,3.1524,4.772,55.63000000000001,82.208,166.734,1976.414,5617.8,8819.0,1903.6,2073.1,35.2300002,41.2900004
2017-06-16,3.1734,4.7525,54.727999999999994,81.256,164.83599999999998,1953.5760000000002,5677.6,8842.0,1875.3,2066.0,34.976000799999994,40.1479994
2017-06-23,3.1271999999999998,4.674,56.57000000000001,79.89599999999999,162.10600000000002,1958.726,5704.1,8969.0,1871.2,2143.9,34.073999199999996,38.68999939999999
2017-06-30,3.2916,5.012,62.9225,81.01200000000001,164.404,1989.73,5839.0,9156.0,1881.7,2263.1,35.01,40.9579994
2017-07-07,3.4588,5.262,63.112,82.41250000000001,167.27999999999997,1971.31,5839.3,9120.0,1915.9,2267.4,36.687501000000005,43.3824995
2017-07-14,3.4442,5.2459999999999996,65.03,82.53,167.554,1969.3579999999997,5843.5,9128.0,1897.0,2285.5,38.463999799999996,44.672
2017-07-21,3.5707999999999998,5.272,68.216,83.22999999999999,169.004,1995.2459999999999,5958.7,9599.0,1898.8,2233.9,39.376,44.994000400000004
2017-07-28,3.4836000000000005,5.202000000000001,69.34,83.632,169.858,2029.9959999999999,6199.2,9929.0,1902.7,2269.7,40.35999879999999,45.66600040000001
2017-08-04,3.7952000000000004,5.738000000000001,73.322,83.69200000000001,170.02200000000002,2049.182,6313.5,10237.0,1895.3,2323.4,41.24399939999999,46.7060004
2017-08-11,3.7886,5.74,75.875,83.864,170.398,2087.062,6386.4,10532.0,1996.7,2350.4,41.158000200000004,46.255999800000005
2017-08-18,3.6464,5.514,74.942,82.824,168.328,2112.1160000000004,6415.8,10576.0,2072.2,2385.6,40.511999599999996,44.633999599999996
2017-08-25,3.8556,5.9239999999999995,78.588,83.218,169.16199999999998,2139.52,6588.9,11473.0,2094.6,2354.2,41.66799999999999,46.788000600000004
2017-09-01,3.9090000000000003,5.941999999999999,77.125,83.926,170.634,2173.0699999999997,6780.0,11728.75,2096.375,2368.5,43.2620004,48.532000200000006
2017-09-08,3.9182,5.92,76.608,85.3775,173.62249999999997,2193.5775000000003,6852.7,12014.0,2078.8,2322.8,43.937501250000004,48.947500250000004
2017-09-15,3.8232,5.782,74.708,84.988,172.86,2159.5240000000003,6548.2,11368.0,2079.9,2270.1,43.059999999999995,48.666000399999994
2017-09-22,3.5480000000000005,5.29,67.982,85.03,172.982,2143.6040000000003,6462.3,10971.0,2125.8,2428.5,41.986000000000004,48.036000200000004
2017-09-29,3.3658,5.112,63.42,84.81,172.56400000000002,2125.898,6431.0,10427.0,2114.8,2489.4,40.67400060000001,46.956000800000005
2017-10-06,3.4256,5.192,61.97399999999999,83.984,170.92,2136.9939999999997,6501.0,10526.0,2113.3,2542.3,41.1300004,48.5300002
2017-10-13,3.2402,4.958,61.19000000000001,84.93599999999999,172.896,2173.802,6720.8,11092.0,2129.9,2531.9,41.35799960000001,48.4339996
2017-10-20,3.2359999999999998,4.918,62.25,85.48999999999998,174.06199999999998,2171.5280000000002,7001.8,11788.0,2129.8,2509.6,41.8800002,48.8660002
2017-10-27,3.2284000000000006,4.930000000000001,61.641999999999996,85.86600000000001,174.858,2165.4800000000005,6959.9,11754.0,2144.2,2476.9,41.0080002,47.5399994
2017-11-03,3.0913999999999997,4.746,59.258,86.49,176.168,2168.4519999999998,6862.5,12247.0,2157.6,2445.6,41.7500002,48.6020006
2017-11-10,3.1804,4.894,62.64,87.61399999999999,178.502,2166.3199999999997,6830.3,12543.0,2110.9,2504.6,43.2219996,49.88199899999999
2017-11-17,3.0119999999999996,4.720000000000001,62.275999999999996,86.35799999999999,175.97999999999996,2151.308,6759.7,11831.0,2090.0,2446.4,41.6720002,47.996000599999995
2017-11-24,2.9605999999999995,4.668000000000001,65.354,86.675,176.6725,2160.4675,6863.1,11697.0,2081.7,2453.4,41.9399995,48.57749925
2017-12-01,2.915,4.606,68.238,86.44800000000001,176.25600000000003,2142.5440000000003,6788.7,11330.0,2070.2,2461.4,41.7679992,48.336
2017-12-08,2.8922,4.598,69.772,84.53999999999999,172.404,2087.384,6612.0,11004.0,2023.8,2499.6,41.3440002,47.434000399999995
2017-12-15,3.0704,4.754,70.47200000000001,83.802,170.942,2089.742,6661.0,11065.0,2009.1,2502.4,42.264000800000005,48.286
2017-12-22,3.13,4.898000000000001,74.02000000000001,85.026,173.48600000000002,2150.8999999999996,6922.0,11837.0,2089.2,2530.4,44.221999999999994,50.4880006
2017-12-29,3.1813333333333333,4.906666666666666,73.4825,87.4325,178.44250000000002,2212.8,7171.0,12065.0,2229.0,2500.1666666666665,45.87250025,52.214999
2018-01-05,3.3115,5.1325,75.75500000000001,88.3775,180.42000000000002,2239.7349999999997,7149.0,12567.5,2233.125,2571.75,47.79249924999999,54.73500075
2018-01-12,3.4520000000000004,5.2780000000000005,78.33,88.22,180.09449999999998,2230.466,7102.1,12674.0,2174.8,2575.6,49.3139992,56.476001200000006
2018-01-19,3.348,5.206,75.686,88.62,181.025,2245.17,7075.2,12543.0,2213.5,2573.7,49.4075005,56.08500000000001
2018-01-26,3.2400000000000007,5.0649999999999995,75.46600000000001,89.938,183.762,2275.5060000000003,7014.5,13183.0,2228.0,2610.8,49.3519998,56.06600039999999
2018-02-02,3.192,5.0120000000000005,73.498,89.94,183.81599999999997,2271.1679999999997,7060.9,13687.0,2230.2,2648.1,48.910000600000004,55.9560006
2018-02-09,3.134,5.0,76.52,87.296,178.464,2218.068,6941.8,13279.0,2177.9,2580.2,46.2239998,53.6740006
2018-02-16,3.274,5.220000000000001,77.61,87.51,178.954,2263.8479999999995,6982.7,13598.0,2148.9,2572.0,48.4839998,57.13200020000001
2018-02-23,3.2739999999999996,5.220000000000001,78.50999999999999,88.4075,180.85250000000002,2246.6225,7045.7,13643.0,2219.8,2559.0,47.229999250000006,56.4800005
2018-03-02,3.172,5.061999999999999,78.988,88.424,180.93800000000002,2215.058,6965.4,13711.0,2161.3,2524.0,46.8600006,54.677999
2018-03-09,2.9799999999999995,4.77,74.452,88.25800000000001,180.654,2191.1340000000005,6865.9,13376.0,2108.9,2402.3,45.65000020000001,52.4120004
2018-03-16,2.992,4.758000000000001,70.66000000000001,87.58000000000001,179.32199999999997,2181.6175,6912.7,13781.0,2080.9,2403.1,45.209998999999996,52.32800060000001
2018-03-23,2.89,4.723999999999999,66.67999999999999,87.038,178.27974,2161.9,6731.0,13337.0,2061.6,2364.0,44.541999,51.5759994
2018-03-30,2.7266666666666666,4.4725,64.20666666666666,87.185,178.6375,2160.0266666666666,6607.0,13011.25,2015.75,2394.375,44.21,50.9675
2018-04-06,2.6825,4.29,64.054,86.91562000000002,178.14600000000002,2150.716,6712.75,13198.75,1979.5,2386.75,44.0599998,51.130000200000005
2018-04-13,2.724,4.436,64.69399999999999,88.886,182.246,2146.0159999999996,6834.3,13654.0,2216.6,2369.6,45.7100006,53.0559994
2018-04-20,2.832,4.58,65.966,89.66600000000001,183.904,2265.995,6882.5,14711.0,2465.6,2354.9,47.305999799999995,55.795999800000004
2018-04-27,2.786,4.5625,66.497,89.25999999999999,183.142,2200.04,6910.6,14069.0,2275.0,2331.6,47.201999799999996,55.4499998
2018-05-04,2.9125,4.718,66.42666666666668,89.622,183.948,2178.328,6793.1,13814.0,2283.2,2310.8,47.1840004,55.122
2018-05-11,3.0,4.845999999999999,66.954,90.018,184.826,2201.812,6809.75,13862.5,2319.875,2306.125,48.9760002,56.4379996
2018-05-18,3.0460000000000003,4.901999999999999,67.9325,90.27799999999999,185.428,2190.262,6809.1,14510.0,2299.0,2340.5,51.104,58.3379996
2018-05-25,2.96,4.618,64.66,91.27799999999999,187.55,2197.8640000000005,6862.7,14638.0,2264.8,2443.2,50.7040008,58.091999
2018-06-01,2.9349999999999996,4.6240000000000006,65.2875,90.5425,186.10750000000002,2202.4849999999997,6822.625,15025.0,2270.5,2429.875,49.3975,56.69250025000001
2018-06-08,3.056,4.7620000000000005,66.30250000000001,89.786,184.612,2240.9159999999997,7112.2,15465.0,2315.0,2491.1,51.2259994,59.1439994
2018-06-15,2.9539999999999997,4.6375,67.3725,89.288,183.65999999999997,2233.1,7191.7,15259.0,2280.8,2458.8,50.5440004,58.3779998
2018-06-22,2.874,4.574,66.13,86.946,178.91199999999998,2158.7125,6847.6,14920.0,2182.3,2397.0,48.2380002,55.452000399999996
2018-06-29,2.8299999999999996,4.518000000000001,65.234,86.80799999999999,178.696,2130.06,6695.8,14792.0,2176.9,2418.2,49.162,55.033999800000004
2018-07-06,2.72,4.342,64.054,85.8475,176.79000000000002,2074.2075,6472.8,14245.0,2132.8,2374.0,48.8875,54.1225005
2018-07-13,2.738,4.38,63.852,84.63404,174.35600000000002,2045.7939999999999,6242.4,13897.0,2120.6,2230.0,49.950000800000005,54.722
2018-07-20,2.752,4.4399999999999995,64.852,83.10686000000001,171.27400000000003,1999.6419999999998,6081.5,13420.0,2083.4,2131.5,48.8000002,54.058000199999995
2018-07-27,2.8225,4.473999999999999,66.228,84.48646,174.18200000000002,2017.602,6215.7,13541.0,2075.5,2136.7,49.9499992,55.2280004
